track,court_id,case_name,docket_number,document_number,entry_date,role_guess,filing_type_guess,retained_by_guess,firm_guess,documents,parts_searched,el_attached,ai_passages,ai_passages_flagged,description
B_related,txsb,"ALLIANCE FARM AND RANCH, LLC and Alliance Energy Partners, LLC",25-30155,83,2025-05-16,other,retention_application,unknown,,8,application_body|declaration|engagement_letter,True,1,0,"Exhibit List, Witness List (Filed By ALLIANCE FARM AND RANCH, LLC, Alliance Energy Partners, LLC ).(Related document(s):26 Application to Employ, 31 Application to Employ, 68 Emergency Motion, Motion to Convert Case from Chapter 11 to Chapter 7) (Attachments: # 1 Exhibit 1 - Okin Adams Engagement Ag"
B_related,txsb,"ALLIANCE FARM AND RANCH, LLC and Alliance Energy Partners, LLC",25-30155,154,2025-07-07,counsel,order,committee,"and Retention of Dykema Gossett, PLLC",1,entered_order,False,0,0,"Order Authorizing the Employment and Retention of Dykema Gossett, PLLC as Attorneys for the Official Committee of Unsecured Creditors of Alliance Farm and Ranch, LLC and Alliance Energy Partners, LLC, Effective as of May 13, 2025 (Related Doc # 136), Signed on 7/7/2025. (abh4) (Entered: 07/07/2025)"
B_related,txsb,"ALLIANCE FARM AND RANCH, LLC and Alliance Energy Partners, LLC",25-30155,158,2025-07-11,counsel,order,unknown,Howley Law PLLC,1,entered_order,False,0,0,"Order Authorizing the Retention and Employment of Howley Law PLLC as Chapter 11 Trustee Counsel (Related Doc # 139), Signed on 7/11/2025. (abh4) (Entered: 07/11/2025)"
B|B_related,deb,At Home Group Inc.,25-11120,604,2025-09-09,other,notice,unknown,Ernst & Young LLP,1,engagement_letter|notice,True,1,0,"Exhibit(s) - Notice of Additional Engagement Letter Related to the Retention and Employment of Ernst & Young LLP as Tax Advisory Services Provider (related document(s)348) Filed by At Home Group Inc.. (Powell, Timothy) (Entered: 09/09/2025)"
B_related,deb,Pacifica of the Valley Corporation,26-11060,15,2026-07-07,claims_agent,retention_application,unknown,,3,application_body|engagement_letter|proposed_order,True,2,0,"Application to Appoint Claims/Noticing Agent KURTZMAN CARSON CONSULTANTS, LLC Filed By Pacifica of the Valley Corporation (Attachments: # 1 Exhibit A - Proposed Order # 2 Exhibit B - Gershbein Declaration)(Jones, Laura Davis) (Entered: 07/07/2026)"
B_related,txsb,"Pine Gate Renewables, LLC",25-90669,228,2025-11-20,counsel,retention_application,debtor,Latham & Watkins LLP,4,application_body|engagement_letter|proposed_order,True,1,0,"Application to Employ Latham & Watkins LLP as Bankruptcy Co-Counsel. Objections/Request for Hearing Due in 21 days. Filed by Debtor Pine Gate Renewables, LLC (Attachments: # 1 Exhibit A # 2 Exhibit B # 3 Proposed Order) (Davidson, Timothy) (Entered: 11/20/2025)"
B_related,deb,"Zen JV, LLC",25-11195,145,2025-07-14,fa,retention_application,debtor,"AlixPartners, LLP",5,application_body|engagement_letter|exhibit_other|proposed_order,True,1,0,"Application/Motion to Employ/Retain AlixPartners, LLP as Financial Advisor for the Debtors Effective as of the Petition Date Filed by Zen JV, LLC. Hearing scheduled for 8/21/2025 at 01:00 PM at US Bankruptcy Court, 824 Market St., 5th Fl., Courtroom #6, Wilmington, Delaware. Objections due by 7/28/2"
B_related,deb,"Zen JV, LLC",25-11195,250,2025-07-31,fa,order,debtor,"and Retention of AlixPartners, LLC",3,application_body|engagement_letter,True,0,0,"Certification of Counsel Regarding Order Authorizing the Employment and Retention of AlixPartners, LLC as Financial Advisor for the Debtors Effective as of the Petition Date (related document(s)145) Filed by Zen JV, LLC. (Attachments: # 1 Exhibit 1 # 2 Exhibit 2) (Meehan, Colin) (Entered: 07/31/2025"
B_related,deb,"Zen JV, LLC",25-11195,263,2025-08-01,fa,order,debtor,"AlixPartners, LLP",1,entered_order,False,0,0,"Order Authorizing Debtors To Employ AlixPartners, LLP as Financial Advisor for the Debtors Effective as of the Petition Date (Related Doc # 145)(related document(s)145) Order Signed on 8/1/2025. (AJL) (Entered: 08/01/2025)"
