docket_id,court_id,case_name,docket_number,petition_date,chapter,in_window,in_track_a_universe,track_b_hits,docket_url
71012535,deb,AGDP Holding Inc. and Hooman Yazhari,25-11446,2025-08-04,11,True,True,0,https://www.courtlistener.com/docket/71012535/agdp-holding-inc-and-hooman-yazhari/
70209394,deb,"Accelerate Diagnostics, Inc.",25-10837,2025-05-08,11,True,True,0,https://www.courtlistener.com/docket/70209394/accelerate-diagnostics-inc/
70718134,deb,"Alachua Government Services, Inc.",25-11289,2025-07-06,11,True,True,0,https://www.courtlistener.com/docket/70718134/alachua-government-services-inc/
70550277,deb,"Ambience Parent, Inc.",25-11148,2025-06-16,11,True,True,0,https://www.courtlistener.com/docket/70550277/ambience-parent-inc/
70592590,deb,"America's Gardening Resource, Inc.",25-11180,2025-06-20,11,True,True,0,https://www.courtlistener.com/docket/70592590/americas-gardening-resource-inc/
71950617,deb,"American Signature, Inc.",25-12105,2025-11-22,11,True,True,0,https://www.courtlistener.com/docket/71950617/american-signature-inc/
72012078,deb,"Apple Tree Life Sciences, Inc. and ATP Life Science Ventures, L.P.",25-12177,2025-12-09,11,True,True,0,https://www.courtlistener.com/docket/72012078/apple-tree-life-sciences-inc-and-atp-life-science-ventures-lp/
72246411,deb,Archblock LLC,26-10152,2026-02-06,11,True,True,0,https://www.courtlistener.com/docket/72246411/archblock-llc/
70549975,deb,At Home Group Inc.,25-11120,2025-06-16,11,True,True,1,https://www.courtlistener.com/docket/70549975/at-home-group-inc/
69696692,deb,Azzur Group Holdings LLC,25-10342,2025-03-02,11,True,True,0,https://www.courtlistener.com/docket/69696692/azzur-group-holdings-llc/
74666757,deb,"BFG Supply Co., LLC",26-11284,2026-08-18,11,True,True,0,https://www.courtlistener.com/docket/74666757/bfg-supply-co-llc/
69797398,deb,BLH TopCo LLC,25-10576,2025-03-26,11,True,True,0,https://www.courtlistener.com/docket/69797398/blh-topco-llc/
72378623,deb,BY Hotel SPE-3 LLC,26-10324,2026-03-08,11,True,True,0,https://www.courtlistener.com/docket/72378623/by-hotel-spe-3-llc/
70495280,deb,"Bedmar, LLC",25-11027,2025-06-09,11,True,True,0,https://www.courtlistener.com/docket/70495280/bedmar-llc/
74713914,deb,"BioXcel Therapeutics, Inc.",26-11360,2026-08-27,11,True,True,0,https://www.courtlistener.com/docket/74713914/bioxcel-therapeutics-inc/
70398120,deb,"Boundless Broadband, LLC",25-10948,2025-05-29,11,True,True,0,https://www.courtlistener.com/docket/70398120/boundless-broadband-llc/
71035961,deb,Claire's Holdings LLC,25-11454,2025-08-06,11,True,True,0,https://www.courtlistener.com/docket/71035961/claires-holdings-llc/
71951025,deb,"Clearside Biomedical, Inc.",25-12109,2025-11-23,11,True,True,0,https://www.courtlistener.com/docket/71951025/clearside-biomedical-inc/
72050338,deb,"Conscious Content Media, Inc.",25-12231,2025-12-17,11,True,True,0,https://www.courtlistener.com/docket/72050338/conscious-content-media-inc/
69887343,deb,"Creativemass Holdings, Inc.",25-10695,2025-04-14,11,True,True,0,https://www.courtlistener.com/docket/69887343/creativemass-holdings-inc/
69749662,deb,"DSI Winddown, Inc.",25-10518,2025-03-18,11,True,True,0,https://www.courtlistener.com/docket/69749662/dsi-winddown-inc/
73467417,deb,Danskammer HoldCo LLC,26-10950,2026-06-10,11,True,True,0,https://www.courtlistener.com/docket/73467417/danskammer-holdco-llc/
69744198,deb,"F21 OpCo, LLC",25-10469,2025-03-16,11,True,True,0,https://www.courtlistener.com/docket/69744198/f21-opco-llc/
72187012,deb,FLOAT Alaska LLC,26-10075,2026-01-26,11,True,True,0,https://www.courtlistener.com/docket/72187012/float-alaska-llc/
72528371,deb,"Finch Therapeutics Group, Inc.",26-10409,2026-03-22,11,True,True,0,https://www.courtlistener.com/docket/72528371/finch-therapeutics-group-inc/
72065968,deb,"FlexShopper, Inc.",25-12254,2025-12-22,11,True,True,0,https://www.courtlistener.com/docket/72065968/flexshopper-inc/
69785168,deb,"GO Lab Madison, LLC",25-10558,2025-03-25,11,True,True,0,https://www.courtlistener.com/docket/69785168/go-lab-madison-llc/
69785169,deb,"GO Lab, Inc.",25-10557,2025-03-25,11,True,True,0,https://www.courtlistener.com/docket/69785169/go-lab-inc/
72020852,deb,"GST, Inc.",25-12188,2025-12-11,11,True,True,0,https://www.courtlistener.com/docket/72020852/gst-inc/
72251076,deb,Glenwood Caverns Holdings LLC,26-10166,2026-02-09,11,True,True,0,https://www.courtlistener.com/docket/72251076/glenwood-caverns-holdings-llc/
73450943,deb,"GoHealth, Inc.",26-10914,2026-06-07,11,True,True,0,https://www.courtlistener.com/docket/73450943/gohealth-inc/
71948021,deb,"Golf Services Wind Down, LLC.",25-12089,2025-11-21,11,True,True,0,https://www.courtlistener.com/docket/71948021/golf-services-wind-down-llc/
69860865,deb,"HRHI Wind-down, LLC",25-10674,2025-04-08,11,True,True,0,https://www.courtlistener.com/docket/69860865/hrhi-wind-down-llc/
69850516,deb,House Spirits Distillery LLC,25-10660,2025-04-06,11,True,True,0,https://www.courtlistener.com/docket/69850516/house-spirits-distillery-llc/
71720980,deb,"Hudson 1701/1706, LLC",25-11853,2025-10-22,11,True,True,0,https://www.courtlistener.com/docket/71720980/hudson-17011706-llc/
71084111,deb,"IMG Holdings, Inc.",25-11500,2025-08-11,11,True,True,0,https://www.courtlistener.com/docket/71084111/img-holdings-inc/
73246225,deb,"Impac Mortgage Holdings, Inc.",26-10593,2026-04-26,11,True,True,0,https://www.courtlistener.com/docket/73246225/impac-mortgage-holdings-inc/
69818133,deb,KTRV LLC,25-10601,2025-03-30,11,True,True,0,https://www.courtlistener.com/docket/69818133/ktrv-llc/
69819641,deb,Leisure Investments Holdings LLC,25-10606,2025-03-31,11,True,True,0,https://www.courtlistener.com/docket/69819641/leisure-investments-holdings-llc/
73352724,deb,Lena Brands LLC,26-10792,2026-05-15,11,True,True,0,https://www.courtlistener.com/docket/73352724/lena-brands-llc/
69604225,deb,Liberated Brands LLC,25-10168,2025-02-02,11,True,True,0,https://www.courtlistener.com/docket/69604225/liberated-brands-llc/
69517992,deb,Ligado Networks LLC,25-10006,2025-01-05,11,True,True,0,https://www.courtlistener.com/docket/69517992/ligado-networks-llc/
71919403,deb,Lugano Diamonds & Jewelry Inc.,25-12055,2025-11-16,11,True,True,0,https://www.courtlistener.com/docket/71919403/lugano-diamonds-jewelry-inc/
69545404,deb,"MH Wind Down Co., Inc.",25-10047,2025-01-14,11,True,True,0,https://www.courtlistener.com/docket/69545404/mh-wind-down-co-inc/
69689348,deb,MOM CA Investco LLC,25-10321,2025-02-28,11,True,True,0,https://www.courtlistener.com/docket/69689348/mom-ca-investco-llc/
69689347,deb,MOM CA Investco LLC,25-10321,2025-02-28,11,True,True,0,https://www.courtlistener.com/docket/69689347/mom-ca-investco-llc/
73618542,deb,"MVMT Labs, Inc.",26-11113,2026-07-15,11,True,True,0,https://www.courtlistener.com/docket/73618542/mvmt-labs-inc/
70511494,deb,Marelli Automotive Lighting USA LLC,25-11034,2025-06-11,11,True,True,0,https://www.courtlistener.com/docket/70511494/marelli-automotive-lighting-usa-llc/
70680292,deb,Marin Software Incorporated,25-11263,2025-07-01,11,True,True,0,https://www.courtlistener.com/docket/70680292/marin-software-incorporated/
70630698,deb,Meyer Burger (Holding) Corp.,25-11217,2025-06-25,11,True,True,0,https://www.courtlistener.com/docket/70630698/meyer-burger-holding-corp/
69917957,deb,"Molecular Templates, Inc.",25-10739,2025-04-20,11,True,True,0,https://www.courtlistener.com/docket/69917957/molecular-templates-inc/
70732580,deb,"Mosaic Companies, LLC",25-11296,2025-07-08,11,True,True,0,https://www.courtlistener.com/docket/70732580/mosaic-companies-llc/
70716560,deb,"My Job Matcher, Inc.",25-11280,2025-07-06,11,True,True,0,https://www.courtlistener.com/docket/70716560/my-job-matcher-inc/
68074855,deb,"Near Intelligence, Inc. - Adversary Proceeding",23-11962,2025-10-30,11,True,True,0,https://www.courtlistener.com/docket/68074855/near-intelligence-inc-adversary-proceeding/
69651079,deb,Nikola Corporation and Lead Class,25-10258,2025-02-19,11,True,True,0,https://www.courtlistener.com/docket/69651079/nikola-corporation-and-lead-class/
74722364,deb,"Noble Supply & Logistics, LLC",26-11369,2026-08-30,11,True,True,0,https://www.courtlistener.com/docket/74722364/noble-supply-logistics-llc/
71864622,deb,Norcold LLC,25-11933,2025-11-03,11,True,True,0,https://www.courtlistener.com/docket/71864622/norcold-llc/
69624537,deb,"OMGA Liquidating, Inc.",25-10211,2025-02-10,11,True,True,0,https://www.courtlistener.com/docket/69624537/omga-liquidating-inc/
69744209,deb,Old BPR LLC,25-10472,2025-03-16,11,True,True,0,https://www.courtlistener.com/docket/69744209/old-bpr-llc/
70491260,deb,"Old School, Inc.",25-11016,2025-06-08,11,True,True,0,https://www.courtlistener.com/docket/70491260/old-school-inc/
6162352,deb,"Oldapco, Inc.",17-12082,2025-03-17,11,True,True,0,https://www.courtlistener.com/docket/6162352/oldapco-inc/
73673073,deb,"Omnis Pleasants, LLC",26-11169,2026-07-26,11,True,True,0,https://www.courtlistener.com/docket/73673073/omnis-pleasants-llc/
73574916,deb,Pacifica of the Valley Corporation,26-11060,2026-07-04,11,True,True,1,https://www.courtlistener.com/docket/73574916/pacifica-of-the-valley-corporation/
72494188,deb,Reliz Technology Group Holdings Inc.,26-10371,2026-03-15,11,True,True,0,https://www.courtlistener.com/docket/72494188/reliz-technology-group-holdings-inc/
17189718,deb,"Rental Car Intermediate Holdings, LLC",20-11247,2020-05-22,11,False,True,0,https://www.courtlistener.com/docket/17189718/rental-car-intermediate-holdings-llc/
72086875,deb,"Salt House, Inc.",25-12277,2025-12-29,11,True,True,0,https://www.courtlistener.com/docket/72086875/salt-house-inc/
73517510,deb,"Sangamo Therapeutics, Inc.",26-10989,2026-06-23,11,True,True,0,https://www.courtlistener.com/docket/73517510/sangamo-therapeutics-inc/
73482578,deb,Searles Valley Minerals Inc.,26-10966,2026-06-15,11,True,True,0,https://www.courtlistener.com/docket/73482578/searles-valley-minerals-inc/
70147717,deb,"Shapauste, Inc.",25-10823,2025-05-05,11,True,True,0,https://www.courtlistener.com/docket/70147717/shapauste-inc/
73449802,deb,"SiFi Networks America, LLC",26-10912,2026-06-05,11,True,True,0,https://www.courtlistener.com/docket/73449802/sifi-networks-america-llc/
73451364,deb,"Simply Interior Homes, LLC",26-10922,2026-06-08,11,True,True,0,https://www.courtlistener.com/docket/73451364/simply-interior-homes-llc/
73322689,deb,"Spanish Broadcasting System, Inc.",26-10708,2026-05-11,11,True,True,0,https://www.courtlistener.com/docket/73322689/spanish-broadcasting-system-inc/
70586279,deb,"T&S Food Services II, LLC",25-11178,2025-06-19,11,True,True,0,https://www.courtlistener.com/docket/70586279/ts-food-services-ii-llc/
73224965,deb,TRM NRE Holding LLC,26-10568,2026-04-21,11,True,True,0,https://www.courtlistener.com/docket/73224965/trm-nre-holding-llc/
72167968,deb,"Tonopah Solar Energy, LLC",26-10060,2026-01-21,11,True,True,0,https://www.courtlistener.com/docket/72167968/tonopah-solar-energy-llc/
66716429,deb,"Tricida, Inc.",23-10024,2025-11-10,11,True,True,0,https://www.courtlistener.com/docket/66716429/tricida-inc/
71314102,deb,US Magnesium LLC,25-11696,2025-09-10,11,True,True,0,https://www.courtlistener.com/docket/71314102/us-magnesium-llc/
70918365,deb,"Valves and Controls US, Inc.",25-11403,2025-07-25,11,True,True,0,https://www.courtlistener.com/docket/70918365/valves-and-controls-us-inc/
73708626,deb,"Vi-Jon, LLC",26-11216,2026-08-02,11,True,True,0,https://www.courtlistener.com/docket/73708626/vi-jon-llc/
69744367,deb,Village Roadshow Entertainment Group USA Inc.,25-10475,2025-03-17,11,True,True,0,https://www.courtlistener.com/docket/69744367/village-roadshow-entertainment-group-usa-inc/
69887370,deb,"Viridos, Inc.",25-10697,2025-04-14,11,True,True,0,https://www.courtlistener.com/docket/69887370/viridos-inc/
71224339,deb,"WEH Liquidating, LLC",25-11602,2025-08-28,11,True,True,0,https://www.courtlistener.com/docket/71224339/weh-liquidating-llc/
70168961,deb,"WW International, Inc.",25-10829,2025-05-06,11,True,True,0,https://www.courtlistener.com/docket/70168961/ww-international-inc/
70864606,deb,Wag! Group Co.,25-11358,2025-07-21,11,True,True,0,https://www.courtlistener.com/docket/70864606/wag-group-co/
73353950,deb,"West Marine, LLC",26-10794,2026-05-17,11,True,True,0,https://www.courtlistener.com/docket/73353950/west-marine-llc/
67670067,deb,Yellow Corporation,23-11069,2023-08-06,11,False,True,1,https://www.courtlistener.com/docket/67670067/yellow-corporation/
70619299,deb,"Zen JV, LLC",25-11195,2025-06-24,11,True,True,1,https://www.courtlistener.com/docket/70619299/zen-jv-llc/
69580321,deb,iM3NY LLC,25-10131,2025-01-27,11,True,True,0,https://www.courtlistener.com/docket/69580321/im3ny-llc/
72035284,deb,iRobot Corporation,25-12197,2025-12-14,11,True,True,0,https://www.courtlistener.com/docket/72035284/irobot-corporation/
69742993,ganb,"AFH Air Pros, LLC and Mauzy Air Pros, LLC",25-10356,2025-03-16,11,True,True,0,https://www.courtlistener.com/docket/69742993/afh-air-pros-llc-and-mauzy-air-pros-llc/
72173631,ganb,Georgia ProtonCare Center Inc.,26-50882,2026-01-22,11,True,True,0,https://www.courtlistener.com/docket/72173631/georgia-protoncare-center-inc/
69705031,ganb,"OTB Acquisition LLC and Kimco Lake Prairie TC, L.P.",25-52416,2025-03-04,11,True,True,0,https://www.courtlistener.com/docket/69705031/otb-acquisition-llc-and-kimco-lake-prairie-tc-lp/
71019106,ganb,"Wellmade Floor Coverings International, Inc.",25-58764,2025-08-04,11,True,True,0,https://www.courtlistener.com/docket/71019106/wellmade-floor-coverings-international-inc/
72496796,njb,"Baker & Taylor, LLC",26-12863,2026-03-16,11,True,True,0,https://www.courtlistener.com/docket/72496796/baker-taylor-llc/
70315194,njb,CBRM Realty Inc.,25-15343,2025-05-19,11,True,True,0,https://www.courtlistener.com/docket/70315194/cbrm-realty-inc/
73444275,njb,DAMIS Holdings LLC,26-16439,2026-06-04,11,True,True,0,https://www.courtlistener.com/docket/73444275/damis-holdings-llc/
70687309,njb,Del Monte Foods Corporation II Inc.,25-16984,2025-07-01,11,True,True,0,https://www.courtlistener.com/docket/70687309/del-monte-foods-corporation-ii-inc/
72247921,njb,Eddie Bauer LLC,26-11422,2026-02-09,11,True,True,0,https://www.courtlistener.com/docket/72247921/eddie-bauer-llc/
70242583,njb,Flagship Resort Development Corporation,25-15047,2025-05-10,11,True,True,0,https://www.courtlistener.com/docket/70242583/flagship-resort-development-corporation/
72236458,njb,Francesca's Acquisition LLC,26-11312,2026-02-05,11,True,True,0,https://www.courtlistener.com/docket/72236458/francescas-acquisition-llc/
73250355,njb,"FreshRealm, Inc.",26-14656,2026-04-27,11,True,True,0,https://www.courtlistener.com/docket/73250355/freshrealm-inc/
72130668,njb,"International Warehouse Services, Inc.",26-10292,2026-01-12,11,True,True,0,https://www.courtlistener.com/docket/72130668/international-warehouse-services-inc/
74760119,njb,LIV Golf New Jersey LLC,26-20189,2026-09-08,11,True,True,0,https://www.courtlistener.com/docket/74760119/liv-golf-new-jersey-llc/
72202377,njb,Multi-Color Corporation,26-10910,2026-01-29,11,True,True,0,https://www.courtlistener.com/docket/72202377/multi-color-corporation/
70147736,njb,"New Rite Aid, LLC",25-14861,2025-05-05,11,True,True,0,https://www.courtlistener.com/docket/70147736/new-rite-aid-llc/
73657689,njb,Poolin Technology PTE. LTD,26-18325,2026-07-22,11,True,True,0,https://www.courtlistener.com/docket/73657689/poolin-technology-pte-ltd/
70497339,njb,"Powin, LLC",25-16137,2025-06-10,11,True,True,0,https://www.courtlistener.com/docket/70497339/powin-llc/
72201990,njb,"Pretium Packaging, L.L.C.",26-10896,2026-01-28,11,True,True,0,https://www.courtlistener.com/docket/72201990/pretium-packaging-llc/
67883424,njb,Rite Aid Corporation,23-18993,2023-10-15,11,False,True,0,https://www.courtlistener.com/docket/67883424/rite-aid-corporation/
73443160,njb,SIMAD Holdings Ltd.,26-16388,2026-06-04,11,True,True,0,https://www.courtlistener.com/docket/73443160/simad-holdings-ltd/
72130479,njb,"STG Logistics, Inc.",26-10258,2026-01-12,11,True,True,0,https://www.courtlistener.com/docket/72130479/stg-logistics-inc/
73702950,njb,"Uniroyal Holding, Inc.",26-18668,2026-07-31,11,True,True,0,https://www.courtlistener.com/docket/73702950/uniroyal-holding-inc/
72082023,njb,"United Site Services of Texas, Inc.",25-23647,2025-12-29,11,True,True,0,https://www.courtlistener.com/docket/72082023/united-site-services-of-texas-inc/
72081992,njb,"United Site Services, Inc.",25-23630,2025-12-29,11,True,True,0,https://www.courtlistener.com/docket/72081992/united-site-services-inc/
69865944,nysb,382 Channel Drive LLC,25-10694,2025-04-09,11,True,True,0,https://www.courtlistener.com/docket/69865944/382-channel-drive-llc/
74784512,nysb,Air Baltic Corporation AS,26-12188,2026-09-14,11,True,True,0,https://www.courtlistener.com/docket/74784512/air-baltic-corporation-as/
70386277,nysb,Azul S.A.,25-11176,2025-05-28,11,True,True,0,https://www.courtlistener.com/docket/70386277/azul-sa/
70335865,nysb,"Broadway Realty I Co., LLC",25-11050,2025-05-21,11,True,True,0,https://www.courtlistener.com/docket/70335865/broadway-realty-i-co-llc/
69512812,nysb,"Cold Spring Acquisition, LLC",25-22002,2025-01-02,11,True,True,0,https://www.courtlistener.com/docket/69512812/cold-spring-acquisition-llc/
69708999,nysb,Levy Ventures LLC,25-22182,2025-03-05,11,True,True,0,https://www.courtlistener.com/docket/69708999/levy-ventures-llc/
73739612,nysb,S.M.F. Group Inc.,26-11893,2026-08-09,11,True,True,0,https://www.courtlistener.com/docket/73739612/smf-group-inc/
73476260,nysb,Sleep Number Corporation,26-11399,2026-06-12,11,True,True,0,https://www.courtlistener.com/docket/73476260/sleep-number-corporation/
71233134,nysb,"Spirit Aviation Holdings, Inc.",25-11897,2025-08-29,11,True,True,0,https://www.courtlistener.com/docket/71233134/spirit-aviation-holdings-inc/
70565326,nysb,Zahav Ventures LLC,25-22536,2025-06-17,11,True,True,0,https://www.courtlistener.com/docket/70565326/zahav-ventures-llc/
73672727,txnb,"ASP Unifrax Holdings, Inc.",26-80008,2026-07-26,11,True,True,0,https://www.courtlistener.com/docket/73672727/asp-unifrax-holdings-inc/
71919873,txnb,"Buckingham Senior Living Community, Inc.",25-80595,2025-11-17,11,True,True,0,https://www.courtlistener.com/docket/71919873/buckingham-senior-living-community-inc/
70746227,txnb,"Genesis Healthcare, Inc.",25-80185,2025-07-09,11,True,True,0,https://www.courtlistener.com/docket/70746227/genesis-healthcare-inc/
71647078,txnb,"Groff Tractor Mid Atlantic, LLC",25-90010,2025-10-14,11,True,True,0,https://www.courtlistener.com/docket/71647078/groff-tractor-mid-atlantic-llc/
73483901,txnb,"Hallmark Financial Services, Inc.",26-80007,2026-06-15,11,True,True,0,https://www.courtlistener.com/docket/73483901/hallmark-financial-services-inc/
70143002,txnb,"Harvest Meat Company, Inc.",25-80108,2025-05-05,11,True,True,0,https://www.courtlistener.com/docket/70143002/harvest-meat-company-inc/
70143231,txnb,"Harvest Sherwood Food Distributors, Inc.",25-80109,2025-05-05,11,True,True,0,https://www.courtlistener.com/docket/70143231/harvest-sherwood-food-distributors-inc/
70568234,txnb,"Higher Ground Education, Inc.",25-80121,2025-06-17,11,True,True,0,https://www.courtlistener.com/docket/70568234/higher-ground-education-inc/
69826539,txnb,"Hooters of America, LLC and Wind-Down Entities",25-80078,2025-03-31,11,True,True,0,https://www.courtlistener.com/docket/69826539/hooters-of-america-llc-and-wind-down-entities/
72222161,txnb,"Inspired Healthcare Capital Holdings, LLC",26-90004,2026-02-02,11,True,True,0,https://www.courtlistener.com/docket/72222161/inspired-healthcare-capital-holdings-llc/
72222785,txnb,Inspired Senior Living of Delray Beach DST,26-90004,2026-02-02,11,True,True,0,https://www.courtlistener.com/docket/72222785/inspired-senior-living-of-delray-beach-dst/
71717482,txnb,"PrimaLend Capital Partners, LP",25-90013,2025-10-22,11,True,True,0,https://www.courtlistener.com/docket/71717482/primalend-capital-partners-lp/
69537289,txnb,"Prospect Medical Holdings, Inc.",25-80002,2025-01-11,11,True,True,0,https://www.courtlistener.com/docket/69537289/prospect-medical-holdings-inc/
69537391,txnb,"Prospect Waterbury, Inc.",25-80038,2025-01-12,11,True,True,0,https://www.courtlistener.com/docket/69537391/prospect-waterbury-inc/
69607575,txnb,"Scanrock Oil & Gas, Inc. and Reorganized Debtors",25-90001,2025-02-03,11,True,True,0,https://www.courtlistener.com/docket/69607575/scanrock-oil-gas-inc-and-reorganized-debtors/
73739399,txnb,Signal National LLC,26-90190,2026-08-09,11,True,True,0,https://www.courtlistener.com/docket/73739399/signal-national-llc/
69653630,txnb,Vision2Systems LLC,25-40583,2025-02-19,11,True,True,0,https://www.courtlistener.com/docket/69653630/vision2systems-llc/
73246318,txnb,"WSI Winddown, Inc.",26-80002,2026-04-26,11,True,True,0,https://www.courtlistener.com/docket/73246318/wsi-winddown-inc/
69522295,txsb,"ALLIANCE FARM AND RANCH, LLC and Alliance Energy Partners, LLC",25-30155,2025-01-07,11,True,False,1,https://www.courtlistener.com/docket/69522295/alliance-farm-and-ranch-llc-and-alliance-energy-partners-llc/
71705830,txsb,Ambipar Emergency Response,25-90524,2025-10-20,11,True,True,0,https://www.courtlistener.com/docket/71705830/ambipar-emergency-response/
69920099,txsb,Ascend Performance Materials Holdings Inc.,25-90127,2025-04-21,11,True,True,0,https://www.courtlistener.com/docket/69920099/ascend-performance-materials-holdings-inc/
72311940,txsb,"Axip Energy Services, LP and E3 Compression Holdings LLC",26-90338,2026-02-22,11,True,True,0,https://www.courtlistener.com/docket/72311940/axip-energy-services-lp-and-e3-compression-holdings-llc/
72007692,txsb,"Dynacq Healthcare, Inc.",25-90798,2025-12-08,11,True,True,0,https://www.courtlistener.com/docket/72007692/dynacq-healthcare-inc/
71870809,txsb,"F-Star Socorro, L.P. and Official Committee of Unsecured Creditors for F-St",25-90607,2025-11-04,11,True,True,0,https://www.courtlistener.com/docket/71870809/f-star-socorro-lp-and-official-committee-of-unsecured-creditors-for-f-st/
63248808,txsb,"GWG Holdings, Inc.",22-90032,2022-04-20,11,False,True,0,https://www.courtlistener.com/docket/63248808/gwg-holdings-inc/
73709078,txsb,Hughes Satellite Systems Corporation,26-90739,2026-08-02,11,True,True,0,https://www.courtlistener.com/docket/73709078/hughes-satellite-systems-corporation/
70727548,txsb,"Linqto Texas, LLC",25-90186,2025-07-07,11,True,True,0,https://www.courtlistener.com/docket/70727548/linqto-texas-llc/
71884150,txsb,"Pine Gate Renewables, LLC",25-90669,2025-11-06,11,True,False,1,https://www.courtlistener.com/docket/71884150/pine-gate-renewables-llc/
69659309,txsb,"Platinum Heights, LP",25-90012,2025-02-20,11,True,True,0,https://www.courtlistener.com/docket/69659309/platinum-heights-lp/
71509029,txsb,"Razzoo's, Inc., Debtor",25-90522,2025-10-01,11,True,True,0,https://www.courtlistener.com/docket/71509029/razzoos-inc-debtor/
72141043,txsb,"Saks Global Enterprises LLC and SWD Westfield I Urban Renewal LLC <b><font color=""red"">DO NOT DOCKET IN THIS CASE. Docket in the new lead case 26-90108.</font></b>",26-90103,2026-01-14,11,True,True,0,https://www.courtlistener.com/docket/72141043/saks-global-enterprises-llc-and-swd-westfield-i-urban-renewal-llc-bfont/
70491405,txsb,Sunnova Energy International Inc.,25-90160,2025-06-08,11,True,True,0,https://www.courtlistener.com/docket/70491405/sunnova-energy-international-inc/
72165711,txsb,"White Rock Medical Center, LLC and Ashland Healthcare, LLC",26-90115,2026-01-20,11,True,True,0,https://www.courtlistener.com/docket/72165711/white-rock-medical-center-llc-and-ashland-healthcare-llc/
72040797,txsb,"Zynex, Inc. and Zynex NeuroDiagnostics, Inc.",25-90810,2025-12-15,11,True,True,0,https://www.courtlistener.com/docket/72040797/zynex-inc-and-zynex-neurodiagnostics-inc/
72000131,vaeb,Fairfield Williamsburg Property Owners Association,25-51179,2025-12-05,11,True,True,0,https://www.courtlistener.com/docket/72000131/fairfield-williamsburg-property-owners-association/
