kind,case_name,court_id,docket_number,docket_id,document_number,entry_date,role_guess,retained_by_guess,firm_guess,description
application,"Zen JV, LLC",deb,25-11195,70619299,145,2025-07-14,fa,debtor,"AlixPartners, LLP","Application/Motion to Employ/Retain AlixPartners, LLP as Financial Advisor for the Debtors Effective as of the Petition Date Filed by Zen JV, LLC. Hearing scheduled for 8/21/2025 at 01:00 PM at US Bankruptcy Court, 824 Market St., 5th Fl., Courtroom #6, Wilmington, Delaware. Objections due by 7/28/2025. (Attachments: # 1 Notice # 2 Exhibit A # 3 Exhibit B # 4 Exhibit C) (Carlisle, Clint) (Entered: 07/14/2025)"
application,"Zen JV, LLC",deb,25-11195,70619299,146,2025-07-14,ib,debtor,PJT Partners LP,"Application/Motion to Employ/Retain PJT Partners LP as Investment Banker to the Debtors and Debtors in Possession Effective as of the Petition Date Filed by Zen JV, LLC. Hearing scheduled for 8/21/2025 at 01:00 PM at US Bankruptcy Court, 824 Market St., 5th Fl., Courtroom #6, Wilmington, Delaware. Objections due by 7/28/2025. (Attachments: # 1 Notice # 2 Exhibit A # 3 Exhibit B # 4 Exhibit C) (Carlisle, Clint) (Entered: 07/14/2025)"
application,"Zen JV, LLC",deb,25-11195,70619299,147,2025-07-14,counsel,debtor,"Richards, Layton & Finger, P.A","Application/Motion to Employ/Retain Richards, Layton & Finger, P.A. as Co-Counsel to the Debtors Effective as of Petition Date Filed by Zen JV, LLC. Hearing scheduled for 8/21/2025 at 01:00 PM at US Bankruptcy Court, 824 Market St., 5th Fl., Courtroom #6, Wilmington, Delaware. Objections due by 7/28/2025. (Attachments: # 1 Notice # 2 Exhibit A # 3 Exhibit B # 4 Exhibit C) (Shapiro, Zachary) (Entered: 07/14/2025)"
application,"Zen JV, LLC",deb,25-11195,70619299,155,2025-07-15,other,unknown,Omni Agent Solutions Inc,"Application/Motion to Employ/Retain Omni Agent Solutions Inc as Administrative Agent Effective as of the Petition Date Filed by Zen JV, LLC. Hearing scheduled for 8/21/2025 at 01:00 PM at US Bankruptcy Court, 824 Market St., 5th Fl., Courtroom #6, Wilmington, Delaware. Objections due by 7/29/2025. (Attachments: # 1 Notice # 2 Exhibit A # 3 Exhibit B) (Carlisle, Clint) (Entered: 07/15/2025)"
application,"Zen JV, LLC",deb,25-11195,70619299,203,2025-07-23,counsel,committee,Cole Schotz P.C,"Application/Motion to Employ/Retain Cole Schotz P.C. as Counsel to the Official Committee of Unsecured Creditors Effective as of July 2, 2025 Filed by Official Committee of Unsecured Creditors. Hearing scheduled for 8/21/2025 at 01:00 PM at US Bankruptcy Court, 824 Market St., 5th Fl., Courtroom #6, Wilmington, Delaware. Objections due by 8/6/2025. (Attachments: # 1 Notice # 2 Exhibit A # 3 Exhibit B # 4 Exhibit C) (Alberto, Justin) (Entered: 07/23/2025)"
application,"Zen JV, LLC",deb,25-11195,70619299,204,2025-07-23,fa,committee,"M3 Advisory Partners, LP","Application/Motion to Employ/Retain M3 Advisory Partners, LP as Financial Advisor Effective as of July 2, 2025 Filed by Official Committee of Unsecured Creditors. Hearing scheduled for 8/21/2025 at 01:00 PM at US Bankruptcy Court, 824 Market St., 5th Fl., Courtroom #6, Wilmington, Delaware. Objections due by 8/6/2025. (Attachments: # 1 Notice # 2 Exhibit A # 3 Exhibit B) (Alberto, Justin) (Entered: 07/23/2025)"
application,"Zen JV, LLC",deb,25-11195,70619299,207,2025-07-24,counsel,unknown,Lathm & Watkins LLP,"Application/Motion to Employ/Retain Lathm & Watkins LLP as Bankruptcy Counsel Effective as of the Petition Date Filed by Zen JV, LLC. Hearing scheduled for 8/21/2025 at 01:00 PM at US Bankruptcy Court, 824 Market St., 5th Fl., Courtroom #6, Wilmington, Delaware. Objections due by 8/7/2025. (Attachments: # 1 Notice # 2 Exhibit A # 3 Exhibit B # 4 Exhibit C) (Carlisle, Clint) (Entered: 07/24/2025)"
entered_order,"Zen JV, LLC",deb,25-11195,70619299,262,2025-08-01,ib,debtor,PJT Partners LP,Order (I) Authorizing The Retention and Employment Of PJT Partners LP as Investment Banker to the Debtors and Debtors in Possession Effective as of the Petition Date Filed(Related Doc # 146)(related document(s)146) Order Signed on 8/1/2025. (AJL) (Entered: 08/01/2025)
entered_order,"Zen JV, LLC",deb,25-11195,70619299,263,2025-08-01,fa,debtor,"AlixPartners, LLP","Order Authorizing Debtors To Employ AlixPartners, LLP as Financial Advisor for the Debtors Effective as of the Petition Date (Related Doc # 145)(related document(s)145) Order Signed on 8/1/2025. (AJL) (Entered: 08/01/2025)"
entered_order,"Zen JV, LLC",deb,25-11195,70619299,264,2025-08-01,counsel,debtor,"Richards, Layton & Finger, P.A","Order Authorizing Retention And Employment Of Richards, Layton & Finger, P.A. as Co-Counsel to the Debtors Effective as of Petition Date (Related Doc # 147)(related document(s)147) Order Signed on 8/1/2025. (AJL) (Entered: 08/01/2025)"
entered_order,"Zen JV, LLC",deb,25-11195,70619299,265,2025-08-01,other,unknown,And Retention of Omni Agent Solutions Inc,Order Authorizing The Employment And Retention of Omni Agent Solutions Inc as Administrative Agent Effective as of the Petition Date (Related Doc # 155)(related document(s)155) Order Signed on 8/1/2025. (Attachments: # 1 Exhibit) (AJL) (Entered: 08/01/2025)
entered_order,"Zen JV, LLC",deb,25-11195,70619299,293,2025-08-08,counsel,committee,Cole Schotz P.C,"Order Pursuant to 11 U.S.C. §§ 328(a) and 1103 Authorizing and Approving the Retention and Employment of Cole Schotz P.C. as Counsel to the Official Committee of Unsecured Creditors Effective as of July 2, 2025 (related document(s)203) Order Signed on 8/8/2025. (PS) (Entered: 08/08/2025)"
entered_order,"Zen JV, LLC",deb,25-11195,70619299,294,2025-08-08,fa,committee,"M3 Advisory Partners, LP","Order Authorizing and Approving the Retention of M3 Advisory Partners, LP as Financial Advisor to the Official Committee of Unsecured Creditors of Zen JV, LLC, et al., Effective as of July 2, 2025 (related document(s)204) Order Signed on 8/8/2025. (PS) (Entered: 08/08/2025)"
entered_order,"Zen JV, LLC",deb,25-11195,70619299,297,2025-08-11,counsel,unknown,And Retention Of Latham & Watkins LLP,Order Authorizing The Employment And Retention Of Latham & Watkins LLP As Bankruptcy Counsel Effective As Of The Petition Date (Related Doc # 207)(related document(s)207) Order Signed on 8/11/2025. (AJL) (Entered: 08/12/2025)
application,"Zen JV, LLC",deb,25-11195,70619299,430,2025-10-07,other,debtor,"Forvis Mazars, LLP","Application/Motion to Employ/Retain Forvis Mazars, LLP as as Tax Services Provider to the Debtors and Debtors in Possession Effective as of September 11, 2025 Filed by Zen JV, LLC. Hearing scheduled for 11/13/2025 at 01:00 PM at US Bankruptcy Court, 824 Market St., 5th Fl., Courtroom #6, Wilmington, Delaware. Objections due by 10/21/2025. (Attachments: # 1 Notice # 2 Exhibit A # 3 Exhibit B # 4 Exhibit C) (Liu, Huiqi) (Entered: 10/07/2025)"
entered_order,"Zen JV, LLC",deb,25-11195,70619299,497,2025-11-12,other,debtor,"Forvis Mazars, LLP","Order (I) Authorizing The Retention and Employment Of Forvis Mazars, LLP As Tax Services Provider To The Debtors And Debtors In Possession Effective As Of September 11, 2025, (II) Waiving Certain Information Requirements Pursuant To Local Rule 2016-1, And (III) Granting Related Relief (Related Doc # 430)(related document(s)430) Order Signed on 11/12/2025. (AJL) (Entered: 11/12/2025)"
application,"Pine Gate Renewables, LLC",txsb,25-90669,71884150,228,2025-11-20,counsel,debtor,Latham & Watkins LLP,"Application to Employ Latham & Watkins LLP as Bankruptcy Co-Counsel. Objections/Request for Hearing Due in 21 days. Filed by Debtor Pine Gate Renewables, LLC (Attachments: # 1 Exhibit A # 2 Exhibit B # 3 Proposed Order) (Davidson, Timothy) (Entered: 11/20/2025)"
application,"Pine Gate Renewables, LLC",txsb,25-90669,71884150,229,2025-11-20,counsel,debtor,Hunton Andrews Kurth LLP,"Application to Employ Hunton Andrews Kurth LLP as Bankruptcy Co-Counsel. Objections/Request for Hearing Due in 21 days. Filed by Debtor Pine Gate Renewables, LLC (Attachments: # 1 Exhibit A # 2 Exhibit B # 3 Proposed Order) (Davidson, Timothy) (Entered: 11/20/2025)"
application,"Pine Gate Renewables, LLC",txsb,25-90669,71884150,230,2025-11-20,other,debtor,,"Application to Employ Alvarez & Marsal North America, LLC. Objections/Request for Hearing Due in 21 days. Filed by Debtor Pine Gate Renewables, LLC (Attachments: # 1 Exhibit A # 2 Proposed Order) (Davidson, Timothy) (Entered: 11/20/2025)"
application,"Pine Gate Renewables, LLC",txsb,25-90669,71884150,231,2025-11-20,ib,debtor,Lazard Freres & Co. LLC,"Application to Employ Lazard Freres & Co. LLC as Investment Banker. Objections/Request for Hearing Due in 21 days. Filed by Debtor Pine Gate Renewables, LLC (Attachments: # 1 Exhibit A # 2 Proposed Order) (Davidson, Timothy) (Entered: 11/20/2025)"
