recap_doc_id,case_name,docket_number,document_number,attachment_number,is_available,page_count,reason
445681246,"Zen JV, LLC",25-11195,145,,True,15,application or its exhibit
445681247,"Zen JV, LLC",25-11195,145,1,True,3,application or its exhibit
445681248,"Zen JV, LLC",25-11195,145,2,True,6,application or its exhibit
445681249,"Zen JV, LLC",25-11195,145,3,True,13,application or its exhibit
445681250,"Zen JV, LLC",25-11195,145,4,True,34,application or its exhibit
445682110,"Zen JV, LLC",25-11195,146,,True,21,application or its exhibit
445682111,"Zen JV, LLC",25-11195,146,1,True,3,application or its exhibit
445682112,"Zen JV, LLC",25-11195,146,2,True,8,application or its exhibit
445682113,"Zen JV, LLC",25-11195,146,3,True,9,application or its exhibit
445682114,"Zen JV, LLC",25-11195,146,4,True,27,application or its exhibit
445682991,"Zen JV, LLC",25-11195,147,,True,10,application or its exhibit
445682992,"Zen JV, LLC",25-11195,147,1,True,3,application or its exhibit
445682993,"Zen JV, LLC",25-11195,147,2,True,4,application or its exhibit
445682994,"Zen JV, LLC",25-11195,147,3,True,21,application or its exhibit
445682995,"Zen JV, LLC",25-11195,147,4,True,4,application or its exhibit
445811528,"Zen JV, LLC",25-11195,155,,True,9,application or its exhibit
445811529,"Zen JV, LLC",25-11195,155,1,True,3,application or its exhibit
445811530,"Zen JV, LLC",25-11195,155,2,True,20,application or its exhibit
445811531,"Zen JV, LLC",25-11195,155,3,True,13,application or its exhibit
446617046,"Zen JV, LLC",25-11195,203,,True,9,application or its exhibit
446617047,"Zen JV, LLC",25-11195,203,1,True,3,application or its exhibit
446617048,"Zen JV, LLC",25-11195,203,2,True,14,application or its exhibit
446617049,"Zen JV, LLC",25-11195,203,3,True,6,application or its exhibit
446617050,"Zen JV, LLC",25-11195,203,4,True,5,application or its exhibit
446617235,"Zen JV, LLC",25-11195,204,,True,10,application or its exhibit
446617236,"Zen JV, LLC",25-11195,204,1,True,3,application or its exhibit
446617237,"Zen JV, LLC",25-11195,204,2,True,18,application or its exhibit
446617238,"Zen JV, LLC",25-11195,204,3,True,4,application or its exhibit
446843643,"Zen JV, LLC",25-11195,207,,True,12,application or its exhibit
446843645,"Zen JV, LLC",25-11195,207,1,True,3,application or its exhibit
446843646,"Zen JV, LLC",25-11195,207,2,True,4,application or its exhibit
446843647,"Zen JV, LLC",25-11195,207,3,True,46,application or its exhibit
446843648,"Zen JV, LLC",25-11195,207,4,True,6,application or its exhibit
447824984,"Zen JV, LLC",25-11195,262,,True,7,entered order
447825591,"Zen JV, LLC",25-11195,263,,True,5,entered order
447825754,"Zen JV, LLC",25-11195,264,,True,3,entered order
447825841,"Zen JV, LLC",25-11195,265,,True,4,entered order
448546343,"Zen JV, LLC",25-11195,293,,True,4,entered order
448546652,"Zen JV, LLC",25-11195,294,,True,3,entered order
448784755,"Zen JV, LLC",25-11195,297,,True,3,entered order
454755090,"Zen JV, LLC",25-11195,430,,True,14,application or its exhibit
454755091,"Zen JV, LLC",25-11195,430,1,True,3,application or its exhibit
454755092,"Zen JV, LLC",25-11195,430,2,True,7,application or its exhibit
454755093,"Zen JV, LLC",25-11195,430,3,True,14,application or its exhibit
454755094,"Zen JV, LLC",25-11195,430,4,True,20,application or its exhibit
458548734,"Zen JV, LLC",25-11195,497,,True,6,entered order
459560167,"Pine Gate Renewables, LLC",25-90669,228,,True,12,application or its exhibit
461049708,"Pine Gate Renewables, LLC",25-90669,228,1,True,66,application or its exhibit
461049710,"Pine Gate Renewables, LLC",25-90669,228,2,True,5,application or its exhibit
461049712,"Pine Gate Renewables, LLC",25-90669,228,3,True,4,application or its exhibit
459560768,"Pine Gate Renewables, LLC",25-90669,229,,True,13,application or its exhibit
461050359,"Pine Gate Renewables, LLC",25-90669,229,1,True,97,application or its exhibit
461050360,"Pine Gate Renewables, LLC",25-90669,229,2,True,20,application or its exhibit
461050361,"Pine Gate Renewables, LLC",25-90669,229,3,True,4,application or its exhibit
459560769,"Pine Gate Renewables, LLC",25-90669,230,,True,16,application or its exhibit
459560792,"Pine Gate Renewables, LLC",25-90669,230,1,True,36,application or its exhibit
459560793,"Pine Gate Renewables, LLC",25-90669,230,2,True,19,application or its exhibit
459560818,"Pine Gate Renewables, LLC",25-90669,231,,True,23,application or its exhibit
461050566,"Pine Gate Renewables, LLC",25-90669,231,1,True,86,application or its exhibit
461050567,"Pine Gate Renewables, LLC",25-90669,231,2,True,26,application or its exhibit
