recap_doc_id,case_name,docket_number,document_number,attachment_number,is_available,reason
446234564,At Home Group Inc.,25-11120,348,,False,EY retention application (related)
451709474,At Home Group Inc.,25-11120,604,,True,Track B hit: EY notice of additional engagement letter
485261848,Pacifica of the Valley Corporation,26-11060,15,,True,"Track B hit: Verita claims agent application, exhibits"
485282445,Pacifica of the Valley Corporation,26-11060,15,1,True,"Track B hit: Verita claims agent application, exhibits"
485282446,Pacifica of the Valley Corporation,26-11060,15,2,True,"Track B hit: Verita claims agent application, exhibits"
485525729,Pacifica of the Valley Corporation,26-11060,50,,False,entered claims agent order (related)
485544285,Pacifica of the Valley Corporation,26-11060,50,1,False,entered claims agent order (related)
445681246,"Zen JV, LLC",25-11195,145,,True,Track B hit: AlixPartners application and exhibits
445681247,"Zen JV, LLC",25-11195,145,1,True,Track B hit: AlixPartners application and exhibits
445681248,"Zen JV, LLC",25-11195,145,2,True,Track B hit: AlixPartners application and exhibits
445681249,"Zen JV, LLC",25-11195,145,3,True,Track B hit: AlixPartners application and exhibits
445681250,"Zen JV, LLC",25-11195,145,4,True,Track B hit: AlixPartners application and exhibits
447611846,"Zen JV, LLC",25-11195,250,,True,certification of counsel with revised and redlined order (R14 diff)
447611847,"Zen JV, LLC",25-11195,250,1,True,certification of counsel with revised and redlined order (R14 diff)
447611848,"Zen JV, LLC",25-11195,250,2,True,certification of counsel with revised and redlined order (R14 diff)
447825591,"Zen JV, LLC",25-11195,263,,True,entered AlixPartners retention order
439795037,"ALLIANCE FARM AND RANCH, LLC and Alliance Energy Partners, LLC",25-30155,83,,True,Track B hit: exhibit list with Crain and Okin Adams engagement agreements
440520781,"ALLIANCE FARM AND RANCH, LLC and Alliance Energy Partners, LLC",25-30155,83,1,True,Track B hit: exhibit list with Crain and Okin Adams engagement agreements
440520782,"ALLIANCE FARM AND RANCH, LLC and Alliance Energy Partners, LLC",25-30155,83,2,True,Track B hit: exhibit list with Crain and Okin Adams engagement agreements
440520783,"ALLIANCE FARM AND RANCH, LLC and Alliance Energy Partners, LLC",25-30155,83,3,True,Track B hit: exhibit list with Crain and Okin Adams engagement agreements
440520784,"ALLIANCE FARM AND RANCH, LLC and Alliance Energy Partners, LLC",25-30155,83,4,True,Track B hit: exhibit list with Crain and Okin Adams engagement agreements
440520785,"ALLIANCE FARM AND RANCH, LLC and Alliance Energy Partners, LLC",25-30155,83,5,True,Track B hit: exhibit list with Crain and Okin Adams engagement agreements
440520786,"ALLIANCE FARM AND RANCH, LLC and Alliance Energy Partners, LLC",25-30155,83,6,True,Track B hit: exhibit list with Crain and Okin Adams engagement agreements
440520787,"ALLIANCE FARM AND RANCH, LLC and Alliance Energy Partners, LLC",25-30155,83,7,True,Track B hit: exhibit list with Crain and Okin Adams engagement agreements
444849952,"ALLIANCE FARM AND RANCH, LLC and Alliance Energy Partners, LLC",25-30155,154,,True,entered retention order (related)
445404581,"ALLIANCE FARM AND RANCH, LLC and Alliance Energy Partners, LLC",25-30155,158,,True,entered retention order (related)
459560167,"Pine Gate Renewables, LLC",25-90669,228,,True,Track B hit: Latham application and exhibits
461049708,"Pine Gate Renewables, LLC",25-90669,228,1,True,Track B hit: Latham application and exhibits
461049710,"Pine Gate Renewables, LLC",25-90669,228,2,True,Track B hit: Latham application and exhibits
461049712,"Pine Gate Renewables, LLC",25-90669,228,3,True,Track B hit: Latham application and exhibits
461993295,"Pine Gate Renewables, LLC",25-90669,694,,False,entered Latham retention order (related)
