recap_doc_id,track,court_id,case_name,docket_number,document_number,attachment_number,description,url,path,status,error,sha256,bytes,pages,expected_pages
439795037,B_related,txsb,"ALLIANCE FARM AND RANCH, LLC and Alliance Energy Partners, LLC",25-30155,83,,"Exhibit List, Witness List (Filed By ALLIANCE FARM AND RANCH, LLC, Alliance Energy Partners, LLC ).(Related document(s):26 Application to Employ, 31 Application to Employ, 68 Emergency Motion, Motion to Convert Case from Chapter 11 to Chapter 7) (Attachments: # 1 Exhibit 1 - Okin Adams Engagement Agreement Alliance Energy Partners # 2 Exhibit 2 - Okin Adams Engagement Agreement Alliance Farm and Ranch # 3 Exhibit 3 - Declaration of Timothy L. Wentworth # 4 Exhibit 4 - Amended Declaration of Timothy L. Wentworth # 5 Exhibit 5 - Crain Engagement Agreement # 6 Exhibit 6 - Crain CV # 7 Exhibit 7 - Declaration of Deborah Crain) (Wentworth, Timothy) (Entered: 05/16/2025)",https://storage.courtlistener.com/recap/gov.uscourts.txsb.478410/gov.uscourts.txsb.478410.83.0_2.pdf,data/raw/txsb/69522295/439795037.pdf,ok,,513c5f39b13cf2559f407feb4c78b43fb5c5cc628b7d856ae0aef40e13dd3d76,172151,2,2
440520781,B_related,txsb,"ALLIANCE FARM AND RANCH, LLC and Alliance Energy Partners, LLC",25-30155,83,1,"Exhibit List, Witness List (Filed By ALLIANCE FARM AND RANCH, LLC, Alliance Energy Partners, LLC ).(Related document(s):26 Application to Employ, 31 Application to Employ, 68 Emergency Motion, Motion to Convert Case from Chapter 11 to Chapter 7) (Attachments: # 1 Exhibit 1 - Okin Adams Engagement Agreement Alliance Energy Partners # 2 Exhibit 2 - Okin Adams Engagement Agreement Alliance Farm and Ranch # 3 Exhibit 3 - Declaration of Timothy L. Wentworth # 4 Exhibit 4 - Amended Declaration of Timothy L. Wentworth # 5 Exhibit 5 - Crain Engagement Agreement # 6 Exhibit 6 - Crain CV # 7 Exhibit 7 - Declaration of Deborah Crain) (Wentworth, Timothy) (Entered: 05/16/2025)",https://storage.courtlistener.com/recap/gov.uscourts.txsb.478410/gov.uscourts.txsb.478410.83.1.pdf,data/raw/txsb/69522295/440520781.pdf,ok,,33183d284148709d27f8d1934658c24a601b414de918921c224cbd4282bfd9e0,371580,7,7
440520782,B_related,txsb,"ALLIANCE FARM AND RANCH, LLC and Alliance Energy Partners, LLC",25-30155,83,2,"Exhibit List, Witness List (Filed By ALLIANCE FARM AND RANCH, LLC, Alliance Energy Partners, LLC ).(Related document(s):26 Application to Employ, 31 Application to Employ, 68 Emergency Motion, Motion to Convert Case from Chapter 11 to Chapter 7) (Attachments: # 1 Exhibit 1 - Okin Adams Engagement Agreement Alliance Energy Partners # 2 Exhibit 2 - Okin Adams Engagement Agreement Alliance Farm and Ranch # 3 Exhibit 3 - Declaration of Timothy L. Wentworth # 4 Exhibit 4 - Amended Declaration of Timothy L. Wentworth # 5 Exhibit 5 - Crain Engagement Agreement # 6 Exhibit 6 - Crain CV # 7 Exhibit 7 - Declaration of Deborah Crain) (Wentworth, Timothy) (Entered: 05/16/2025)",https://storage.courtlistener.com/recap/gov.uscourts.txsb.478410/gov.uscourts.txsb.478410.83.2.pdf,data/raw/txsb/69522295/440520782.pdf,ok,,409a5eb1de42323c3396ce6c57710e485e578e237d7a34f458f8158c912339a0,354395,7,7
440520783,B_related,txsb,"ALLIANCE FARM AND RANCH, LLC and Alliance Energy Partners, LLC",25-30155,83,3,"Exhibit List, Witness List (Filed By ALLIANCE FARM AND RANCH, LLC, Alliance Energy Partners, LLC ).(Related document(s):26 Application to Employ, 31 Application to Employ, 68 Emergency Motion, Motion to Convert Case from Chapter 11 to Chapter 7) (Attachments: # 1 Exhibit 1 - Okin Adams Engagement Agreement Alliance Energy Partners # 2 Exhibit 2 - Okin Adams Engagement Agreement Alliance Farm and Ranch # 3 Exhibit 3 - Declaration of Timothy L. Wentworth # 4 Exhibit 4 - Amended Declaration of Timothy L. Wentworth # 5 Exhibit 5 - Crain Engagement Agreement # 6 Exhibit 6 - Crain CV # 7 Exhibit 7 - Declaration of Deborah Crain) (Wentworth, Timothy) (Entered: 05/16/2025)",https://storage.courtlistener.com/recap/gov.uscourts.txsb.478410/gov.uscourts.txsb.478410.83.3.pdf,data/raw/txsb/69522295/440520783.pdf,ok,,ce57d3cd6cfe2289786a37ed7c8c41bfbd57aab025e94f49e288e65fce7cd8f1,307064,5,5
440520784,B_related,txsb,"ALLIANCE FARM AND RANCH, LLC and Alliance Energy Partners, LLC",25-30155,83,4,"Exhibit List, Witness List (Filed By ALLIANCE FARM AND RANCH, LLC, Alliance Energy Partners, LLC ).(Related document(s):26 Application to Employ, 31 Application to Employ, 68 Emergency Motion, Motion to Convert Case from Chapter 11 to Chapter 7) (Attachments: # 1 Exhibit 1 - Okin Adams Engagement Agreement Alliance Energy Partners # 2 Exhibit 2 - Okin Adams Engagement Agreement Alliance Farm and Ranch # 3 Exhibit 3 - Declaration of Timothy L. Wentworth # 4 Exhibit 4 - Amended Declaration of Timothy L. Wentworth # 5 Exhibit 5 - Crain Engagement Agreement # 6 Exhibit 6 - Crain CV # 7 Exhibit 7 - Declaration of Deborah Crain) (Wentworth, Timothy) (Entered: 05/16/2025)",https://storage.courtlistener.com/recap/gov.uscourts.txsb.478410/gov.uscourts.txsb.478410.83.4_3.pdf,data/raw/txsb/69522295/440520784.pdf,ok,,461418b7ebbdd8a6a89d53d09f2ddbfcb97c3080961107094c06f9e3049baf19,303230,5,5
440520785,B|B_related,txsb,"ALLIANCE FARM AND RANCH, LLC and Alliance Energy Partners, LLC",25-30155,83,5,"Exhibit List, Witness List (Filed By ALLIANCE FARM AND RANCH, LLC, Alliance Energy Partners, LLC ).(Related document(s):26 Application to Employ, 31 Application to Employ, 68 Emergency Motion, Motion to Convert Case from Chapter 11 to Chapter 7) (Attachments: # 1 Exhibit 1 - Okin Adams Engagement Agreement Alliance Energy Partners # 2 Exhibit 2 - Okin Adams Engagement Agreement Alliance Farm and Ranch # 3 Exhibit 3 - Declaration of Timothy L. Wentworth # 4 Exhibit 4 - Amended Declaration of Timothy L. Wentworth # 5 Exhibit 5 - Crain Engagement Agreement # 6 Exhibit 6 - Crain CV # 7 Exhibit 7 - Declaration of Deborah Crain) (Wentworth, Timothy) (Entered: 05/16/2025)",https://storage.courtlistener.com/recap/gov.uscourts.txsb.478410/gov.uscourts.txsb.478410.83.5_2.pdf,data/raw/txsb/69522295/440520785.pdf,ok,,a21ceb50c8aca6bebf1bfbd5d61017bf50378f87ba572e0d73dfb0540235c9bd,918855,9,9
440520786,B_related,txsb,"ALLIANCE FARM AND RANCH, LLC and Alliance Energy Partners, LLC",25-30155,83,6,"Exhibit List, Witness List (Filed By ALLIANCE FARM AND RANCH, LLC, Alliance Energy Partners, LLC ).(Related document(s):26 Application to Employ, 31 Application to Employ, 68 Emergency Motion, Motion to Convert Case from Chapter 11 to Chapter 7) (Attachments: # 1 Exhibit 1 - Okin Adams Engagement Agreement Alliance Energy Partners # 2 Exhibit 2 - Okin Adams Engagement Agreement Alliance Farm and Ranch # 3 Exhibit 3 - Declaration of Timothy L. Wentworth # 4 Exhibit 4 - Amended Declaration of Timothy L. Wentworth # 5 Exhibit 5 - Crain Engagement Agreement # 6 Exhibit 6 - Crain CV # 7 Exhibit 7 - Declaration of Deborah Crain) (Wentworth, Timothy) (Entered: 05/16/2025)",https://storage.courtlistener.com/recap/gov.uscourts.txsb.478410/gov.uscourts.txsb.478410.83.6_2.pdf,data/raw/txsb/69522295/440520786.pdf,ok,,4718378772c9f7e3e15a3d4f2d7a3fbb7c7388228b98425fe44071cf2d7c8dcd,175026,1,1
440520787,B_related,txsb,"ALLIANCE FARM AND RANCH, LLC and Alliance Energy Partners, LLC",25-30155,83,7,"Exhibit List, Witness List (Filed By ALLIANCE FARM AND RANCH, LLC, Alliance Energy Partners, LLC ).(Related document(s):26 Application to Employ, 31 Application to Employ, 68 Emergency Motion, Motion to Convert Case from Chapter 11 to Chapter 7) (Attachments: # 1 Exhibit 1 - Okin Adams Engagement Agreement Alliance Energy Partners # 2 Exhibit 2 - Okin Adams Engagement Agreement Alliance Farm and Ranch # 3 Exhibit 3 - Declaration of Timothy L. Wentworth # 4 Exhibit 4 - Amended Declaration of Timothy L. Wentworth # 5 Exhibit 5 - Crain Engagement Agreement # 6 Exhibit 6 - Crain CV # 7 Exhibit 7 - Declaration of Deborah Crain) (Wentworth, Timothy) (Entered: 05/16/2025)",https://storage.courtlistener.com/recap/gov.uscourts.txsb.478410/gov.uscourts.txsb.478410.83.7_11.pdf,data/raw/txsb/69522295/440520787.pdf,ok,,ad79c32bf863952d2563db42000a6e093f6ed6d3976eea1a6ed88c46723afffd,348552,7,7
444849952,B_related,txsb,"ALLIANCE FARM AND RANCH, LLC and Alliance Energy Partners, LLC",25-30155,154,,"Order Authorizing the Employment and Retention of Dykema Gossett, PLLC as Attorneys for the Official Committee of Unsecured Creditors of Alliance Farm and Ranch, LLC and Alliance Energy Partners, LLC, Effective as of May 13, 2025 (Related Doc # 136), Signed on 7/7/2025. (abh4) (Entered: 07/07/2025)",https://storage.courtlistener.com/recap/gov.uscourts.txsb.478410/gov.uscourts.txsb.478410.154.0.pdf,data/raw/txsb/69522295/444849952.pdf,ok,,179ceed1002b6fd6107fc12b77f8d53e1c1bd172901ee249a3459b6c39b9871a,213838,3,3
445404581,B_related,txsb,"ALLIANCE FARM AND RANCH, LLC and Alliance Energy Partners, LLC",25-30155,158,,"Order Authorizing the Retention and Employment of Howley Law PLLC as Chapter 11 Trustee Counsel (Related Doc # 139), Signed on 7/11/2025. (abh4) (Entered: 07/11/2025)",https://storage.courtlistener.com/recap/gov.uscourts.txsb.478410/gov.uscourts.txsb.478410.158.0_2.pdf,data/raw/txsb/69522295/445404581.pdf,ok,,3c3e760d5e6f2aabbc3854eec31931588882664d8b8509925dc944156ff333b4,366444,4,4
451709474,B|B_related,deb,At Home Group Inc.,25-11120,604,,"Exhibit(s) - Notice of Additional Engagement Letter Related to the Retention and Employment of Ernst & Young LLP as Tax Advisory Services Provider (related document(s)348) Filed by At Home Group Inc.. (Powell, Timothy) (Entered: 09/09/2025)",https://storage.courtlistener.com/recap/gov.uscourts.deb.197402/gov.uscourts.deb.197402.604.0_1.pdf,data/raw/deb/70549975/451709474.pdf,ok,,c13c8bceacbe43fd726418b7808670cedde97a259f050927c3f0ec2a2c6f51dc,617825,19,19
485261848,B_related,deb,Pacifica of the Valley Corporation,26-11060,15,,"Application to Appoint Claims/Noticing Agent KURTZMAN CARSON CONSULTANTS, LLC Filed By Pacifica of the Valley Corporation (Attachments: # 1 Exhibit A - Proposed Order # 2 Exhibit B - Gershbein Declaration)(Jones, Laura Davis) (Entered: 07/07/2026)",https://storage.courtlistener.com/recap/gov.uscourts.deb.201904/gov.uscourts.deb.201904.15.0.pdf,data/raw/deb/73574916/485261848.pdf,ok,,98dbd68426824971285cdc04412b1c903aa4e808a007216a7bf8b277ef330aaf,450312,13,13
485282445,B|B_related,deb,Pacifica of the Valley Corporation,26-11060,15,1,"Application to Appoint Claims/Noticing Agent KURTZMAN CARSON CONSULTANTS, LLC Filed By Pacifica of the Valley Corporation (Attachments: # 1 Exhibit A - Proposed Order # 2 Exhibit B - Gershbein Declaration)(Jones, Laura Davis) (Entered: 07/07/2026)",https://storage.courtlistener.com/recap/gov.uscourts.deb.201904/gov.uscourts.deb.201904.15.1.pdf,data/raw/deb/73574916/485282445.pdf,ok,,5bd7f391841480c0e409164fe4446742e338a7b42a6feecc88a8db596ad7a29c,668353,17,17
485282446,B_related,deb,Pacifica of the Valley Corporation,26-11060,15,2,"Application to Appoint Claims/Noticing Agent KURTZMAN CARSON CONSULTANTS, LLC Filed By Pacifica of the Valley Corporation (Attachments: # 1 Exhibit A - Proposed Order # 2 Exhibit B - Gershbein Declaration)(Jones, Laura Davis) (Entered: 07/07/2026)",https://storage.courtlistener.com/recap/gov.uscourts.deb.201904/gov.uscourts.deb.201904.15.2.pdf,data/raw/deb/73574916/485282446.pdf,ok,,0f1a93c3910b2134b19e1e47102aefffa2f91a160b52db05f2bd6be2d91a1533,334719,9,9
459560167,B_related,txsb,"Pine Gate Renewables, LLC",25-90669,228,,"Application to Employ Latham & Watkins LLP as Bankruptcy Co-Counsel. Objections/Request for Hearing Due in 21 days. Filed by Debtor Pine Gate Renewables, LLC (Attachments: # 1 Exhibit A # 2 Exhibit B # 3 Proposed Order) (Davidson, Timothy) (Entered: 11/20/2025)",https://storage.courtlistener.com/recap/gov.uscourts.txsb.488722/gov.uscourts.txsb.488722.228.0.pdf,data/raw/txsb/71884150/459560167.pdf,ok,,0709ab1efde1d32aad0262ace420369f91da0c6d03a8ac15b206b6211761df20,444761,12,12
459560768,A,txsb,"Pine Gate Renewables, LLC",25-90669,229,,"Application to Employ Hunton Andrews Kurth LLP as Bankruptcy Co-Counsel. Objections/Request for Hearing Due in 21 days. Filed by Debtor Pine Gate Renewables, LLC (Attachments: # 1 Exhibit A # 2 Exhibit B # 3 Proposed Order) (Davidson, Timothy) (Entered: 11/20/2025)",https://storage.courtlistener.com/recap/gov.uscourts.txsb.488722/gov.uscourts.txsb.488722.229.0.pdf,data/raw/txsb/71884150/459560768.pdf,ok,,c53360ae20c7850a2f632e127f834eb2db9fa8ee328cd889060362471ffc2e91,581343,13,13
459560769,A,txsb,"Pine Gate Renewables, LLC",25-90669,230,,"Application to Employ Alvarez & Marsal North America, LLC. Objections/Request for Hearing Due in 21 days. Filed by Debtor Pine Gate Renewables, LLC (Attachments: # 1 Exhibit A # 2 Proposed Order) (Davidson, Timothy) (Entered: 11/20/2025)",https://storage.courtlistener.com/recap/gov.uscourts.txsb.488722/gov.uscourts.txsb.488722.230.0_1.pdf,data/raw/txsb/71884150/459560769.pdf,ok,,49c1c54a4cb997a501b743ff5e0d48ae83b9b3ffa657c53ad460a4d03bc564ec,523891,16,16
459560792,A,txsb,"Pine Gate Renewables, LLC",25-90669,230,1,"Application to Employ Alvarez & Marsal North America, LLC. Objections/Request for Hearing Due in 21 days. Filed by Debtor Pine Gate Renewables, LLC (Attachments: # 1 Exhibit A # 2 Proposed Order) (Davidson, Timothy) (Entered: 11/20/2025)",https://storage.courtlistener.com/recap/gov.uscourts.txsb.488722/gov.uscourts.txsb.488722.230.1_1.pdf,data/raw/txsb/71884150/459560792.pdf,ok,,28c6eec90405e7192b7601e569850662fcee8b19ecd6c51a0472c947fb813b22,1004194,36,36
459560793,A,txsb,"Pine Gate Renewables, LLC",25-90669,230,2,"Application to Employ Alvarez & Marsal North America, LLC. Objections/Request for Hearing Due in 21 days. Filed by Debtor Pine Gate Renewables, LLC (Attachments: # 1 Exhibit A # 2 Proposed Order) (Davidson, Timothy) (Entered: 11/20/2025)",https://storage.courtlistener.com/recap/gov.uscourts.txsb.488722/gov.uscourts.txsb.488722.230.2_1.pdf,data/raw/txsb/71884150/459560793.pdf,ok,,53fad19ead8f30c092039ae34039fda447e530f9209c661cf7de00317dd588c2,19417979,19,19
459560818,A,txsb,"Pine Gate Renewables, LLC",25-90669,231,,"Application to Employ Lazard Freres & Co. LLC as Investment Banker. Objections/Request for Hearing Due in 21 days. Filed by Debtor Pine Gate Renewables, LLC (Attachments: # 1 Exhibit A # 2 Proposed Order) (Davidson, Timothy) (Entered: 11/20/2025)",https://storage.courtlistener.com/recap/gov.uscourts.txsb.488722/gov.uscourts.txsb.488722.231.0.pdf,data/raw/txsb/71884150/459560818.pdf,ok,,45ffd642ad35595dc154adc9248c0b4a554d04054ce9773a57bf4f466e4d736e,661702,23,23
461049708,B|B_related,txsb,"Pine Gate Renewables, LLC",25-90669,228,1,"Application to Employ Latham & Watkins LLP as Bankruptcy Co-Counsel. Objections/Request for Hearing Due in 21 days. Filed by Debtor Pine Gate Renewables, LLC (Attachments: # 1 Exhibit A # 2 Exhibit B # 3 Proposed Order) (Davidson, Timothy) (Entered: 11/20/2025)",https://storage.courtlistener.com/recap/gov.uscourts.txsb.488722/gov.uscourts.txsb.488722.228.1.pdf,data/raw/txsb/71884150/461049708.pdf,ok,,0fe0edfa0d5d62f0c9d7b9981326019730f27f0ebab71050ddf72e71672edef3,1848900,66,66
461049710,B_related,txsb,"Pine Gate Renewables, LLC",25-90669,228,2,"Application to Employ Latham & Watkins LLP as Bankruptcy Co-Counsel. Objections/Request for Hearing Due in 21 days. Filed by Debtor Pine Gate Renewables, LLC (Attachments: # 1 Exhibit A # 2 Exhibit B # 3 Proposed Order) (Davidson, Timothy) (Entered: 11/20/2025)",https://storage.courtlistener.com/recap/gov.uscourts.txsb.488722/gov.uscourts.txsb.488722.228.2.pdf,data/raw/txsb/71884150/461049710.pdf,ok,,59ee896b6bba977d29bcd12eeaa8a2f50b09bd09ab60ddc22a9b91be948be522,288491,5,5
461049712,B_related,txsb,"Pine Gate Renewables, LLC",25-90669,228,3,"Application to Employ Latham & Watkins LLP as Bankruptcy Co-Counsel. Objections/Request for Hearing Due in 21 days. Filed by Debtor Pine Gate Renewables, LLC (Attachments: # 1 Exhibit A # 2 Exhibit B # 3 Proposed Order) (Davidson, Timothy) (Entered: 11/20/2025)",https://storage.courtlistener.com/recap/gov.uscourts.txsb.488722/gov.uscourts.txsb.488722.228.3.pdf,data/raw/txsb/71884150/461049712.pdf,ok,,7a231edf5dbebf0cdae58aa4b7331a993ac7977bd4fda58e01cb35cc51e73687,271129,4,4
461050359,A,txsb,"Pine Gate Renewables, LLC",25-90669,229,1,"Application to Employ Hunton Andrews Kurth LLP as Bankruptcy Co-Counsel. Objections/Request for Hearing Due in 21 days. Filed by Debtor Pine Gate Renewables, LLC (Attachments: # 1 Exhibit A # 2 Exhibit B # 3 Proposed Order) (Davidson, Timothy) (Entered: 11/20/2025)",https://storage.courtlistener.com/recap/gov.uscourts.txsb.488722/gov.uscourts.txsb.488722.229.1.pdf,data/raw/txsb/71884150/461050359.pdf,ok,,a19a76dc8e491d066cdc5340dad3f8d6642f2c081702e25bdd26da9577153faa,2405995,97,97
461050360,A,txsb,"Pine Gate Renewables, LLC",25-90669,229,2,"Application to Employ Hunton Andrews Kurth LLP as Bankruptcy Co-Counsel. Objections/Request for Hearing Due in 21 days. Filed by Debtor Pine Gate Renewables, LLC (Attachments: # 1 Exhibit A # 2 Exhibit B # 3 Proposed Order) (Davidson, Timothy) (Entered: 11/20/2025)",https://storage.courtlistener.com/recap/gov.uscourts.txsb.488722/gov.uscourts.txsb.488722.229.2.pdf,data/raw/txsb/71884150/461050360.pdf,ok,,19d982733244928730910f66cc7791916be2ba84cd78386dbc284a7719b9d164,632843,20,20
461050361,A,txsb,"Pine Gate Renewables, LLC",25-90669,229,3,"Application to Employ Hunton Andrews Kurth LLP as Bankruptcy Co-Counsel. Objections/Request for Hearing Due in 21 days. Filed by Debtor Pine Gate Renewables, LLC (Attachments: # 1 Exhibit A # 2 Exhibit B # 3 Proposed Order) (Davidson, Timothy) (Entered: 11/20/2025)",https://storage.courtlistener.com/recap/gov.uscourts.txsb.488722/gov.uscourts.txsb.488722.229.3.pdf,data/raw/txsb/71884150/461050361.pdf,ok,,3e9db93fcf2664dce04a68ef58c02ceb2fe42748a342fba3ba95b4c86e72e739,310978,4,4
461050566,A,txsb,"Pine Gate Renewables, LLC",25-90669,231,1,"Application to Employ Lazard Freres & Co. LLC as Investment Banker. Objections/Request for Hearing Due in 21 days. Filed by Debtor Pine Gate Renewables, LLC (Attachments: # 1 Exhibit A # 2 Proposed Order) (Davidson, Timothy) (Entered: 11/20/2025)",https://storage.courtlistener.com/recap/gov.uscourts.txsb.488722/gov.uscourts.txsb.488722.231.1.pdf,data/raw/txsb/71884150/461050566.pdf,ok,,832b1065a3f42b3ff84616c45cbc1b4354fbb45f8ef79ca8dbfe597f1a0720cd,2007618,86,86
461050567,A,txsb,"Pine Gate Renewables, LLC",25-90669,231,2,"Application to Employ Lazard Freres & Co. LLC as Investment Banker. Objections/Request for Hearing Due in 21 days. Filed by Debtor Pine Gate Renewables, LLC (Attachments: # 1 Exhibit A # 2 Proposed Order) (Davidson, Timothy) (Entered: 11/20/2025)",https://storage.courtlistener.com/recap/gov.uscourts.txsb.488722/gov.uscourts.txsb.488722.231.2.pdf,data/raw/txsb/71884150/461050567.pdf,ok,,add5004199e3437d80b9463a69c574caade4011889d7431753dc8471f034c0b5,1172432,26,26
445681246,B_related,deb,"Zen JV, LLC",25-11195,145,,"Application/Motion to Employ/Retain AlixPartners, LLP as Financial Advisor for the Debtors Effective as of the Petition Date Filed by Zen JV, LLC. Hearing scheduled for 8/21/2025 at 01:00 PM at US Bankruptcy Court, 824 Market St., 5th Fl., Courtroom #6, Wilmington, Delaware. Objections due by 7/28/2025. (Attachments: # 1 Notice # 2 Exhibit A # 3 Exhibit B # 4 Exhibit C) (Carlisle, Clint) (Entered: 07/14/2025)",https://storage.courtlistener.com/recap/gov.uscourts.deb.197516/gov.uscourts.deb.197516.145.0.pdf,data/raw/deb/70619299/445681246.pdf,ok,,87fcffa712bad09e8a904275e8f2cded5458fcbc665198c1c1d7b99354a46fb7,455991,15,15
445681247,B_related,deb,"Zen JV, LLC",25-11195,145,1,"Application/Motion to Employ/Retain AlixPartners, LLP as Financial Advisor for the Debtors Effective as of the Petition Date Filed by Zen JV, LLC. Hearing scheduled for 8/21/2025 at 01:00 PM at US Bankruptcy Court, 824 Market St., 5th Fl., Courtroom #6, Wilmington, Delaware. Objections due by 7/28/2025. (Attachments: # 1 Notice # 2 Exhibit A # 3 Exhibit B # 4 Exhibit C) (Carlisle, Clint) (Entered: 07/14/2025)",https://storage.courtlistener.com/recap/gov.uscourts.deb.197516/gov.uscourts.deb.197516.145.1.pdf,data/raw/deb/70619299/445681247.pdf,ok,,c8f3e2d254c970897b4ac78c0d0467d55a27781bf9c7838194c96a06a3da3ab4,153516,3,3
445681248,B_related,deb,"Zen JV, LLC",25-11195,145,2,"Application/Motion to Employ/Retain AlixPartners, LLP as Financial Advisor for the Debtors Effective as of the Petition Date Filed by Zen JV, LLC. Hearing scheduled for 8/21/2025 at 01:00 PM at US Bankruptcy Court, 824 Market St., 5th Fl., Courtroom #6, Wilmington, Delaware. Objections due by 7/28/2025. (Attachments: # 1 Notice # 2 Exhibit A # 3 Exhibit B # 4 Exhibit C) (Carlisle, Clint) (Entered: 07/14/2025)",https://storage.courtlistener.com/recap/gov.uscourts.deb.197516/gov.uscourts.deb.197516.145.2.pdf,data/raw/deb/70619299/445681248.pdf,ok,,88e26902ef122cdc9eac0f43d9be9db0e82268701899cb30074171c39845af38,209275,6,6
445681249,B|B_related,deb,"Zen JV, LLC",25-11195,145,3,"Application/Motion to Employ/Retain AlixPartners, LLP as Financial Advisor for the Debtors Effective as of the Petition Date Filed by Zen JV, LLC. Hearing scheduled for 8/21/2025 at 01:00 PM at US Bankruptcy Court, 824 Market St., 5th Fl., Courtroom #6, Wilmington, Delaware. Objections due by 7/28/2025. (Attachments: # 1 Notice # 2 Exhibit A # 3 Exhibit B # 4 Exhibit C) (Carlisle, Clint) (Entered: 07/14/2025)",https://storage.courtlistener.com/recap/gov.uscourts.deb.197516/gov.uscourts.deb.197516.145.3.pdf,data/raw/deb/70619299/445681249.pdf,ok,,6197d5c33883f32d9f6d97378b183e37ca473d2d06a1a20fb4d4380ea53c71fa,512713,13,13
445681250,B_related,deb,"Zen JV, LLC",25-11195,145,4,"Application/Motion to Employ/Retain AlixPartners, LLP as Financial Advisor for the Debtors Effective as of the Petition Date Filed by Zen JV, LLC. Hearing scheduled for 8/21/2025 at 01:00 PM at US Bankruptcy Court, 824 Market St., 5th Fl., Courtroom #6, Wilmington, Delaware. Objections due by 7/28/2025. (Attachments: # 1 Notice # 2 Exhibit A # 3 Exhibit B # 4 Exhibit C) (Carlisle, Clint) (Entered: 07/14/2025)",https://storage.courtlistener.com/recap/gov.uscourts.deb.197516/gov.uscourts.deb.197516.145.4.pdf,data/raw/deb/70619299/445681250.pdf,ok,,a354a2fd7f3245cff56e071fd8817d6f00cf39193c343320ed4d903b8f7ba711,948685,34,34
445682110,A,deb,"Zen JV, LLC",25-11195,146,,"Application/Motion to Employ/Retain PJT Partners LP as Investment Banker to the Debtors and Debtors in Possession Effective as of the Petition Date Filed by Zen JV, LLC. Hearing scheduled for 8/21/2025 at 01:00 PM at US Bankruptcy Court, 824 Market St., 5th Fl., Courtroom #6, Wilmington, Delaware. Objections due by 7/28/2025. (Attachments: # 1 Notice # 2 Exhibit A # 3 Exhibit B # 4 Exhibit C) (Carlisle, Clint) (Entered: 07/14/2025)",https://storage.courtlistener.com/recap/gov.uscourts.deb.197516/gov.uscourts.deb.197516.146.0.pdf,data/raw/deb/70619299/445682110.pdf,ok,,4e086b6d849cfc041ae27c2a9ddb52bb8949bafa058e931377c5a6fe7ef1f4c4,565867,21,21
445682111,A,deb,"Zen JV, LLC",25-11195,146,1,"Application/Motion to Employ/Retain PJT Partners LP as Investment Banker to the Debtors and Debtors in Possession Effective as of the Petition Date Filed by Zen JV, LLC. Hearing scheduled for 8/21/2025 at 01:00 PM at US Bankruptcy Court, 824 Market St., 5th Fl., Courtroom #6, Wilmington, Delaware. Objections due by 7/28/2025. (Attachments: # 1 Notice # 2 Exhibit A # 3 Exhibit B # 4 Exhibit C) (Carlisle, Clint) (Entered: 07/14/2025)",https://storage.courtlistener.com/recap/gov.uscourts.deb.197516/gov.uscourts.deb.197516.146.1.pdf,data/raw/deb/70619299/445682111.pdf,ok,,b0bf9a66e5e8da838002c5c6f354c28bc1f6590e55f8599e9abce74c3eda500a,157162,3,3
445682112,A,deb,"Zen JV, LLC",25-11195,146,2,"Application/Motion to Employ/Retain PJT Partners LP as Investment Banker to the Debtors and Debtors in Possession Effective as of the Petition Date Filed by Zen JV, LLC. Hearing scheduled for 8/21/2025 at 01:00 PM at US Bankruptcy Court, 824 Market St., 5th Fl., Courtroom #6, Wilmington, Delaware. Objections due by 7/28/2025. (Attachments: # 1 Notice # 2 Exhibit A # 3 Exhibit B # 4 Exhibit C) (Carlisle, Clint) (Entered: 07/14/2025)",https://storage.courtlistener.com/recap/gov.uscourts.deb.197516/gov.uscourts.deb.197516.146.2.pdf,data/raw/deb/70619299/445682112.pdf,ok,,5bee8fd2aeca87d9442c48fd7f213ab1a8169b546092c8854534a1167d7a892a,205441,8,8
445682113,A,deb,"Zen JV, LLC",25-11195,146,3,"Application/Motion to Employ/Retain PJT Partners LP as Investment Banker to the Debtors and Debtors in Possession Effective as of the Petition Date Filed by Zen JV, LLC. Hearing scheduled for 8/21/2025 at 01:00 PM at US Bankruptcy Court, 824 Market St., 5th Fl., Courtroom #6, Wilmington, Delaware. Objections due by 7/28/2025. (Attachments: # 1 Notice # 2 Exhibit A # 3 Exhibit B # 4 Exhibit C) (Carlisle, Clint) (Entered: 07/14/2025)",https://storage.courtlistener.com/recap/gov.uscourts.deb.197516/gov.uscourts.deb.197516.146.3.pdf,data/raw/deb/70619299/445682113.pdf,ok,,40e8d7a3db2721b28b07082664e9ad43c86e1b0eccf994d166a0d8ff0e45546a,244505,9,9
445682114,A,deb,"Zen JV, LLC",25-11195,146,4,"Application/Motion to Employ/Retain PJT Partners LP as Investment Banker to the Debtors and Debtors in Possession Effective as of the Petition Date Filed by Zen JV, LLC. Hearing scheduled for 8/21/2025 at 01:00 PM at US Bankruptcy Court, 824 Market St., 5th Fl., Courtroom #6, Wilmington, Delaware. Objections due by 7/28/2025. (Attachments: # 1 Notice # 2 Exhibit A # 3 Exhibit B # 4 Exhibit C) (Carlisle, Clint) (Entered: 07/14/2025)",https://storage.courtlistener.com/recap/gov.uscourts.deb.197516/gov.uscourts.deb.197516.146.4.pdf,data/raw/deb/70619299/445682114.pdf,ok,,6fb603eafee2735c6b677cc93b7987b09bda28ea297d246fd59b7dad430b9713,708747,27,27
445682991,A,deb,"Zen JV, LLC",25-11195,147,,"Application/Motion to Employ/Retain Richards, Layton & Finger, P.A. as Co-Counsel to the Debtors Effective as of Petition Date Filed by Zen JV, LLC. Hearing scheduled for 8/21/2025 at 01:00 PM at US Bankruptcy Court, 824 Market St., 5th Fl., Courtroom #6, Wilmington, Delaware. Objections due by 7/28/2025. (Attachments: # 1 Notice # 2 Exhibit A # 3 Exhibit B # 4 Exhibit C) (Shapiro, Zachary) (Entered: 07/14/2025)",https://storage.courtlistener.com/recap/gov.uscourts.deb.197516/gov.uscourts.deb.197516.147.0.pdf,data/raw/deb/70619299/445682991.pdf,ok,,eacf50f71ab0ff80bef4394fa317220fd68156c711542310dea5974552758378,311109,10,10
445682992,A,deb,"Zen JV, LLC",25-11195,147,1,"Application/Motion to Employ/Retain Richards, Layton & Finger, P.A. as Co-Counsel to the Debtors Effective as of Petition Date Filed by Zen JV, LLC. Hearing scheduled for 8/21/2025 at 01:00 PM at US Bankruptcy Court, 824 Market St., 5th Fl., Courtroom #6, Wilmington, Delaware. Objections due by 7/28/2025. (Attachments: # 1 Notice # 2 Exhibit A # 3 Exhibit B # 4 Exhibit C) (Shapiro, Zachary) (Entered: 07/14/2025)",https://storage.courtlistener.com/recap/gov.uscourts.deb.197516/gov.uscourts.deb.197516.147.1.pdf,data/raw/deb/70619299/445682992.pdf,ok,,dc99093ee94fc44458454570569d4c0fbb7d68bb0b98878dbb91cebb451d4566,153262,3,3
445682993,A,deb,"Zen JV, LLC",25-11195,147,2,"Application/Motion to Employ/Retain Richards, Layton & Finger, P.A. as Co-Counsel to the Debtors Effective as of Petition Date Filed by Zen JV, LLC. Hearing scheduled for 8/21/2025 at 01:00 PM at US Bankruptcy Court, 824 Market St., 5th Fl., Courtroom #6, Wilmington, Delaware. Objections due by 7/28/2025. (Attachments: # 1 Notice # 2 Exhibit A # 3 Exhibit B # 4 Exhibit C) (Shapiro, Zachary) (Entered: 07/14/2025)",https://storage.courtlistener.com/recap/gov.uscourts.deb.197516/gov.uscourts.deb.197516.147.2.pdf,data/raw/deb/70619299/445682993.pdf,ok,,b7a9bcb2ed735e1005708f19bf1133b85827ead66b50a83232340770cd584fa3,194070,4,4
445682994,A,deb,"Zen JV, LLC",25-11195,147,3,"Application/Motion to Employ/Retain Richards, Layton & Finger, P.A. as Co-Counsel to the Debtors Effective as of Petition Date Filed by Zen JV, LLC. Hearing scheduled for 8/21/2025 at 01:00 PM at US Bankruptcy Court, 824 Market St., 5th Fl., Courtroom #6, Wilmington, Delaware. Objections due by 7/28/2025. (Attachments: # 1 Notice # 2 Exhibit A # 3 Exhibit B # 4 Exhibit C) (Shapiro, Zachary) (Entered: 07/14/2025)",https://storage.courtlistener.com/recap/gov.uscourts.deb.197516/gov.uscourts.deb.197516.147.3.pdf,data/raw/deb/70619299/445682994.pdf,ok,,4a3a6b704d5b1e609e4f3f5554349945ac33c941bc0e42d194da120e15bd31dd,448933,21,21
445682995,A,deb,"Zen JV, LLC",25-11195,147,4,"Application/Motion to Employ/Retain Richards, Layton & Finger, P.A. as Co-Counsel to the Debtors Effective as of Petition Date Filed by Zen JV, LLC. Hearing scheduled for 8/21/2025 at 01:00 PM at US Bankruptcy Court, 824 Market St., 5th Fl., Courtroom #6, Wilmington, Delaware. Objections due by 7/28/2025. (Attachments: # 1 Notice # 2 Exhibit A # 3 Exhibit B # 4 Exhibit C) (Shapiro, Zachary) (Entered: 07/14/2025)",https://storage.courtlistener.com/recap/gov.uscourts.deb.197516/gov.uscourts.deb.197516.147.4.pdf,data/raw/deb/70619299/445682995.pdf,ok,,e8d02a5a1d914d461a538f4d03f846e9b1b0b103988410685a0c9f67604a8a1a,193124,4,4
445811528,A,deb,"Zen JV, LLC",25-11195,155,,"Application/Motion to Employ/Retain Omni Agent Solutions Inc as Administrative Agent Effective as of the Petition Date Filed by Zen JV, LLC. Hearing scheduled for 8/21/2025 at 01:00 PM at US Bankruptcy Court, 824 Market St., 5th Fl., Courtroom #6, Wilmington, Delaware. Objections due by 7/29/2025. (Attachments: # 1 Notice # 2 Exhibit A # 3 Exhibit B) (Carlisle, Clint) (Entered: 07/15/2025)",https://storage.courtlistener.com/recap/gov.uscourts.deb.197516/gov.uscourts.deb.197516.155.0.pdf,data/raw/deb/70619299/445811528.pdf,ok,,24222ec8c3e31410c1bfe0e767f2bcd6137a9c1e8350fae68e45966bb5be8c3d,318206,9,9
445811529,A,deb,"Zen JV, LLC",25-11195,155,1,"Application/Motion to Employ/Retain Omni Agent Solutions Inc as Administrative Agent Effective as of the Petition Date Filed by Zen JV, LLC. Hearing scheduled for 8/21/2025 at 01:00 PM at US Bankruptcy Court, 824 Market St., 5th Fl., Courtroom #6, Wilmington, Delaware. Objections due by 7/29/2025. (Attachments: # 1 Notice # 2 Exhibit A # 3 Exhibit B) (Carlisle, Clint) (Entered: 07/15/2025)",https://storage.courtlistener.com/recap/gov.uscourts.deb.197516/gov.uscourts.deb.197516.155.1.pdf,data/raw/deb/70619299/445811529.pdf,ok,,e9aa431e652af9efeb51a71f474d7bb8f535d9cefa4cd4e0e148110e1c50777c,152516,3,3
445811530,A,deb,"Zen JV, LLC",25-11195,155,2,"Application/Motion to Employ/Retain Omni Agent Solutions Inc as Administrative Agent Effective as of the Petition Date Filed by Zen JV, LLC. Hearing scheduled for 8/21/2025 at 01:00 PM at US Bankruptcy Court, 824 Market St., 5th Fl., Courtroom #6, Wilmington, Delaware. Objections due by 7/29/2025. (Attachments: # 1 Notice # 2 Exhibit A # 3 Exhibit B) (Carlisle, Clint) (Entered: 07/15/2025)",https://storage.courtlistener.com/recap/gov.uscourts.deb.197516/gov.uscourts.deb.197516.155.2.pdf,data/raw/deb/70619299/445811530.pdf,ok,,0d82abd22c9c096511fdc5141851587689a3f0c06ff694086504d146461daf3e,995306,20,20
445811531,A,deb,"Zen JV, LLC",25-11195,155,3,"Application/Motion to Employ/Retain Omni Agent Solutions Inc as Administrative Agent Effective as of the Petition Date Filed by Zen JV, LLC. Hearing scheduled for 8/21/2025 at 01:00 PM at US Bankruptcy Court, 824 Market St., 5th Fl., Courtroom #6, Wilmington, Delaware. Objections due by 7/29/2025. (Attachments: # 1 Notice # 2 Exhibit A # 3 Exhibit B) (Carlisle, Clint) (Entered: 07/15/2025)",https://storage.courtlistener.com/recap/gov.uscourts.deb.197516/gov.uscourts.deb.197516.155.3.pdf,data/raw/deb/70619299/445811531.pdf,ok,,d35eb34c4773806166d2621a7dd6ea33874fc3140ebf31acb1a3ffd17c6eef3f,416109,13,13
446617046,A,deb,"Zen JV, LLC",25-11195,203,,"Application/Motion to Employ/Retain Cole Schotz P.C. as Counsel to the Official Committee of Unsecured Creditors Effective as of July 2, 2025 Filed by Official Committee of Unsecured Creditors. Hearing scheduled for 8/21/2025 at 01:00 PM at US Bankruptcy Court, 824 Market St., 5th Fl., Courtroom #6, Wilmington, Delaware. Objections due by 8/6/2025. (Attachments: # 1 Notice # 2 Exhibit A # 3 Exhibit B # 4 Exhibit C) (Alberto, Justin) (Entered: 07/23/2025)",https://storage.courtlistener.com/recap/gov.uscourts.deb.197516/gov.uscourts.deb.197516.203.0.pdf,data/raw/deb/70619299/446617046.pdf,ok,,bfbff06abaffa60ba07b51945be35cab8c6736e05e8f0e857eb82be394044241,145729,9,9
446617047,A,deb,"Zen JV, LLC",25-11195,203,1,"Application/Motion to Employ/Retain Cole Schotz P.C. as Counsel to the Official Committee of Unsecured Creditors Effective as of July 2, 2025 Filed by Official Committee of Unsecured Creditors. Hearing scheduled for 8/21/2025 at 01:00 PM at US Bankruptcy Court, 824 Market St., 5th Fl., Courtroom #6, Wilmington, Delaware. Objections due by 8/6/2025. (Attachments: # 1 Notice # 2 Exhibit A # 3 Exhibit B # 4 Exhibit C) (Alberto, Justin) (Entered: 07/23/2025)",https://storage.courtlistener.com/recap/gov.uscourts.deb.197516/gov.uscourts.deb.197516.203.1.pdf,data/raw/deb/70619299/446617047.pdf,ok,,51f4f32a12dbb348ad175e7eb19d351b1979e3fdc30aaf9e378003e3d3b12545,52909,3,3
446617048,A,deb,"Zen JV, LLC",25-11195,203,2,"Application/Motion to Employ/Retain Cole Schotz P.C. as Counsel to the Official Committee of Unsecured Creditors Effective as of July 2, 2025 Filed by Official Committee of Unsecured Creditors. Hearing scheduled for 8/21/2025 at 01:00 PM at US Bankruptcy Court, 824 Market St., 5th Fl., Courtroom #6, Wilmington, Delaware. Objections due by 8/6/2025. (Attachments: # 1 Notice # 2 Exhibit A # 3 Exhibit B # 4 Exhibit C) (Alberto, Justin) (Entered: 07/23/2025)",https://storage.courtlistener.com/recap/gov.uscourts.deb.197516/gov.uscourts.deb.197516.203.2.pdf,data/raw/deb/70619299/446617048.pdf,ok,,0bc0da2ba687241dd70771f9b10bb67a483d670cf188f83537c1bd238508dd1d,214968,14,14
446617049,A,deb,"Zen JV, LLC",25-11195,203,3,"Application/Motion to Employ/Retain Cole Schotz P.C. as Counsel to the Official Committee of Unsecured Creditors Effective as of July 2, 2025 Filed by Official Committee of Unsecured Creditors. Hearing scheduled for 8/21/2025 at 01:00 PM at US Bankruptcy Court, 824 Market St., 5th Fl., Courtroom #6, Wilmington, Delaware. Objections due by 8/6/2025. (Attachments: # 1 Notice # 2 Exhibit A # 3 Exhibit B # 4 Exhibit C) (Alberto, Justin) (Entered: 07/23/2025)",https://storage.courtlistener.com/recap/gov.uscourts.deb.197516/gov.uscourts.deb.197516.203.3.pdf,data/raw/deb/70619299/446617049.pdf,ok,,54858c0818156a3b6dba05e8cc28c62e9c4aac6622ff4d32c4bcf1d1ca3c3d33,98537,6,6
446617050,A,deb,"Zen JV, LLC",25-11195,203,4,"Application/Motion to Employ/Retain Cole Schotz P.C. as Counsel to the Official Committee of Unsecured Creditors Effective as of July 2, 2025 Filed by Official Committee of Unsecured Creditors. Hearing scheduled for 8/21/2025 at 01:00 PM at US Bankruptcy Court, 824 Market St., 5th Fl., Courtroom #6, Wilmington, Delaware. Objections due by 8/6/2025. (Attachments: # 1 Notice # 2 Exhibit A # 3 Exhibit B # 4 Exhibit C) (Alberto, Justin) (Entered: 07/23/2025)",https://storage.courtlistener.com/recap/gov.uscourts.deb.197516/gov.uscourts.deb.197516.203.4.pdf,data/raw/deb/70619299/446617050.pdf,ok,,cd661e19ffa68c7fce6e705fcc8bdbf62033538b4424b7e7d5a27270a1cb193f,82682,5,5
446617235,A,deb,"Zen JV, LLC",25-11195,204,,"Application/Motion to Employ/Retain M3 Advisory Partners, LP as Financial Advisor Effective as of July 2, 2025 Filed by Official Committee of Unsecured Creditors. Hearing scheduled for 8/21/2025 at 01:00 PM at US Bankruptcy Court, 824 Market St., 5th Fl., Courtroom #6, Wilmington, Delaware. Objections due by 8/6/2025. (Attachments: # 1 Notice # 2 Exhibit A # 3 Exhibit B) (Alberto, Justin) (Entered: 07/23/2025)",https://storage.courtlistener.com/recap/gov.uscourts.deb.197516/gov.uscourts.deb.197516.204.0.pdf,data/raw/deb/70619299/446617235.pdf,ok,,f8ec7af1646085b25d92a876574ece0400f617fb4af0aaa6a338d4bee8c55d9d,174548,10,10
446617236,A,deb,"Zen JV, LLC",25-11195,204,1,"Application/Motion to Employ/Retain M3 Advisory Partners, LP as Financial Advisor Effective as of July 2, 2025 Filed by Official Committee of Unsecured Creditors. Hearing scheduled for 8/21/2025 at 01:00 PM at US Bankruptcy Court, 824 Market St., 5th Fl., Courtroom #6, Wilmington, Delaware. Objections due by 8/6/2025. (Attachments: # 1 Notice # 2 Exhibit A # 3 Exhibit B) (Alberto, Justin) (Entered: 07/23/2025)",https://storage.courtlistener.com/recap/gov.uscourts.deb.197516/gov.uscourts.deb.197516.204.1.pdf,data/raw/deb/70619299/446617236.pdf,ok,,4821f935d1cb34b7670f9dceca9acf46a5117d20f5d54ac3082c818ba166fd65,54707,3,3
446617237,A,deb,"Zen JV, LLC",25-11195,204,2,"Application/Motion to Employ/Retain M3 Advisory Partners, LP as Financial Advisor Effective as of July 2, 2025 Filed by Official Committee of Unsecured Creditors. Hearing scheduled for 8/21/2025 at 01:00 PM at US Bankruptcy Court, 824 Market St., 5th Fl., Courtroom #6, Wilmington, Delaware. Objections due by 8/6/2025. (Attachments: # 1 Notice # 2 Exhibit A # 3 Exhibit B) (Alberto, Justin) (Entered: 07/23/2025)",https://storage.courtlistener.com/recap/gov.uscourts.deb.197516/gov.uscourts.deb.197516.204.2.pdf,data/raw/deb/70619299/446617237.pdf,ok,,6f101408c89849f2c780e8ea57f156694051b58bc2fc711c6236fb977d232914,290249,18,18
446617238,A,deb,"Zen JV, LLC",25-11195,204,3,"Application/Motion to Employ/Retain M3 Advisory Partners, LP as Financial Advisor Effective as of July 2, 2025 Filed by Official Committee of Unsecured Creditors. Hearing scheduled for 8/21/2025 at 01:00 PM at US Bankruptcy Court, 824 Market St., 5th Fl., Courtroom #6, Wilmington, Delaware. Objections due by 8/6/2025. (Attachments: # 1 Notice # 2 Exhibit A # 3 Exhibit B) (Alberto, Justin) (Entered: 07/23/2025)",https://storage.courtlistener.com/recap/gov.uscourts.deb.197516/gov.uscourts.deb.197516.204.3.pdf,data/raw/deb/70619299/446617238.pdf,ok,,d6fd92ab02485c63a62a4143db169c9d45ec1002a3d572c7266cc3520c603f80,68214,4,4
446843643,A,deb,"Zen JV, LLC",25-11195,207,,"Application/Motion to Employ/Retain Lathm & Watkins LLP as Bankruptcy Counsel Effective as of the Petition Date Filed by Zen JV, LLC. Hearing scheduled for 8/21/2025 at 01:00 PM at US Bankruptcy Court, 824 Market St., 5th Fl., Courtroom #6, Wilmington, Delaware. Objections due by 8/7/2025. (Attachments: # 1 Notice # 2 Exhibit A # 3 Exhibit B # 4 Exhibit C) (Carlisle, Clint) (Entered: 07/24/2025)",https://storage.courtlistener.com/recap/gov.uscourts.deb.197516/gov.uscourts.deb.197516.207.0.pdf,data/raw/deb/70619299/446843643.pdf,ok,,6cdc540743a570178f89e2d2d0124beff132574f081f7a083c1ace03346cc0a8,362278,12,12
446843645,A,deb,"Zen JV, LLC",25-11195,207,1,"Application/Motion to Employ/Retain Lathm & Watkins LLP as Bankruptcy Counsel Effective as of the Petition Date Filed by Zen JV, LLC. Hearing scheduled for 8/21/2025 at 01:00 PM at US Bankruptcy Court, 824 Market St., 5th Fl., Courtroom #6, Wilmington, Delaware. Objections due by 8/7/2025. (Attachments: # 1 Notice # 2 Exhibit A # 3 Exhibit B # 4 Exhibit C) (Carlisle, Clint) (Entered: 07/24/2025)",https://storage.courtlistener.com/recap/gov.uscourts.deb.197516/gov.uscourts.deb.197516.207.1.pdf,data/raw/deb/70619299/446843645.pdf,ok,,d9beaabc30c303e58940d6831c313689a8c2c5d69c3d00dbef3db78fb9598cda,153063,3,3
446843646,A,deb,"Zen JV, LLC",25-11195,207,2,"Application/Motion to Employ/Retain Lathm & Watkins LLP as Bankruptcy Counsel Effective as of the Petition Date Filed by Zen JV, LLC. Hearing scheduled for 8/21/2025 at 01:00 PM at US Bankruptcy Court, 824 Market St., 5th Fl., Courtroom #6, Wilmington, Delaware. Objections due by 8/7/2025. (Attachments: # 1 Notice # 2 Exhibit A # 3 Exhibit B # 4 Exhibit C) (Carlisle, Clint) (Entered: 07/24/2025)",https://storage.courtlistener.com/recap/gov.uscourts.deb.197516/gov.uscourts.deb.197516.207.2.pdf,data/raw/deb/70619299/446843646.pdf,ok,,f951185e0b1da4054b1f0cc556fe28d48e1199e9845df04cdb3ca71ff29a51f7,140502,4,4
446843647,A,deb,"Zen JV, LLC",25-11195,207,3,"Application/Motion to Employ/Retain Lathm & Watkins LLP as Bankruptcy Counsel Effective as of the Petition Date Filed by Zen JV, LLC. Hearing scheduled for 8/21/2025 at 01:00 PM at US Bankruptcy Court, 824 Market St., 5th Fl., Courtroom #6, Wilmington, Delaware. Objections due by 8/7/2025. (Attachments: # 1 Notice # 2 Exhibit A # 3 Exhibit B # 4 Exhibit C) (Carlisle, Clint) (Entered: 07/24/2025)",https://storage.courtlistener.com/recap/gov.uscourts.deb.197516/gov.uscourts.deb.197516.207.3.pdf,data/raw/deb/70619299/446843647.pdf,ok,,560878cd7555da7774b697b8f0b588928a6a0ab5243f456020917a1bfb08ab6e,1234042,46,46
446843648,A,deb,"Zen JV, LLC",25-11195,207,4,"Application/Motion to Employ/Retain Lathm & Watkins LLP as Bankruptcy Counsel Effective as of the Petition Date Filed by Zen JV, LLC. Hearing scheduled for 8/21/2025 at 01:00 PM at US Bankruptcy Court, 824 Market St., 5th Fl., Courtroom #6, Wilmington, Delaware. Objections due by 8/7/2025. (Attachments: # 1 Notice # 2 Exhibit A # 3 Exhibit B # 4 Exhibit C) (Carlisle, Clint) (Entered: 07/24/2025)",https://storage.courtlistener.com/recap/gov.uscourts.deb.197516/gov.uscourts.deb.197516.207.4.pdf,data/raw/deb/70619299/446843648.pdf,ok,,6aebe5d9fe86363a8afa34109c143907b43aec6794882cb1da02359b4c7b1be4,249813,6,6
447611846,B_related,deb,"Zen JV, LLC",25-11195,250,,"Certification of Counsel Regarding Order Authorizing the Employment and Retention of AlixPartners, LLC as Financial Advisor for the Debtors Effective as of the Petition Date (related document(s)145) Filed by Zen JV, LLC. (Attachments: # 1 Exhibit 1 # 2 Exhibit 2) (Meehan, Colin) (Entered: 07/31/2025)",https://storage.courtlistener.com/recap/gov.uscourts.deb.197516/gov.uscourts.deb.197516.250.0.pdf,data/raw/deb/70619299/447611846.pdf,ok,,8ca546d5462557c752c193fa14721811583f4cd4fc94ece8e9d5f073346d4253,173324,3,3
447611847,B_related,deb,"Zen JV, LLC",25-11195,250,1,"Certification of Counsel Regarding Order Authorizing the Employment and Retention of AlixPartners, LLC as Financial Advisor for the Debtors Effective as of the Petition Date (related document(s)145) Filed by Zen JV, LLC. (Attachments: # 1 Exhibit 1 # 2 Exhibit 2) (Meehan, Colin) (Entered: 07/31/2025)",https://storage.courtlistener.com/recap/gov.uscourts.deb.197516/gov.uscourts.deb.197516.250.1.pdf,data/raw/deb/70619299/447611847.pdf,ok,,ad23e321d8248cab70c1d84ba0d5ad66a0f673245291c7c0fe34571381a58e9d,223007,6,6
447611848,B_related,deb,"Zen JV, LLC",25-11195,250,2,"Certification of Counsel Regarding Order Authorizing the Employment and Retention of AlixPartners, LLC as Financial Advisor for the Debtors Effective as of the Petition Date (related document(s)145) Filed by Zen JV, LLC. (Attachments: # 1 Exhibit 1 # 2 Exhibit 2) (Meehan, Colin) (Entered: 07/31/2025)",https://storage.courtlistener.com/recap/gov.uscourts.deb.197516/gov.uscourts.deb.197516.250.2.pdf,data/raw/deb/70619299/447611848.pdf,ok,,32b75c2f6af5342356e4266a87344b17a27691dbec5039693210230243d10ca2,272277,6,6
447824984,A,deb,"Zen JV, LLC",25-11195,262,,Order (I) Authorizing The Retention and Employment Of PJT Partners LP as Investment Banker to the Debtors and Debtors in Possession Effective as of the Petition Date Filed(Related Doc # 146)(related document(s)146) Order Signed on 8/1/2025. (AJL) (Entered: 08/01/2025),https://storage.courtlistener.com/recap/gov.uscourts.deb.197516/gov.uscourts.deb.197516.262.0.pdf,data/raw/deb/70619299/447824984.pdf,ok,,eecc7ed89193ab878447b095c703fbecc1a92e866c5d903b4842a8cf963266db,227181,7,7
447825591,B_related,deb,"Zen JV, LLC",25-11195,263,,"Order Authorizing Debtors To Employ AlixPartners, LLP as Financial Advisor for the Debtors Effective as of the Petition Date (Related Doc # 145)(related document(s)145) Order Signed on 8/1/2025. (AJL) (Entered: 08/01/2025)",https://storage.courtlistener.com/recap/gov.uscourts.deb.197516/gov.uscourts.deb.197516.263.0.pdf,data/raw/deb/70619299/447825591.pdf,ok,,e07f8c7a944ffbbb61f3b28dc5980942b95105467c3b34d2d5d5a12a94eac109,206324,5,5
447825754,A,deb,"Zen JV, LLC",25-11195,264,,"Order Authorizing Retention And Employment Of Richards, Layton & Finger, P.A. as Co-Counsel to the Debtors Effective as of Petition Date (Related Doc # 147)(related document(s)147) Order Signed on 8/1/2025. (AJL) (Entered: 08/01/2025)",https://storage.courtlistener.com/recap/gov.uscourts.deb.197516/gov.uscourts.deb.197516.264.0.pdf,data/raw/deb/70619299/447825754.pdf,ok,,3e599c4379e8481e483fbdd9b11e5de4b7e3a6b61a27ce5445c1a91730ed2580,195313,3,3
447825841,A,deb,"Zen JV, LLC",25-11195,265,,Order Authorizing The Employment And Retention of Omni Agent Solutions Inc as Administrative Agent Effective as of the Petition Date (Related Doc # 155)(related document(s)155) Order Signed on 8/1/2025. (Attachments: # 1 Exhibit) (AJL) (Entered: 08/01/2025),https://storage.courtlistener.com/recap/gov.uscourts.deb.197516/gov.uscourts.deb.197516.265.0.pdf,data/raw/deb/70619299/447825841.pdf,ok,,1c8d2425f0c02534d9771a0d2302152e38bb84d72ed42552db78defa83ad06c6,202466,4,4
448546343,A,deb,"Zen JV, LLC",25-11195,293,,"Order Pursuant to 11 U.S.C. §§ 328(a) and 1103 Authorizing and Approving the Retention and Employment of Cole Schotz P.C. as Counsel to the Official Committee of Unsecured Creditors Effective as of July 2, 2025 (related document(s)203) Order Signed on 8/8/2025. (PS) (Entered: 08/08/2025)",https://storage.courtlistener.com/recap/gov.uscourts.deb.197516/gov.uscourts.deb.197516.293.0.pdf,data/raw/deb/70619299/448546343.pdf,ok,,baf7671c518758c978e63a60ed42b92b087ff56f6f12d92fed14d9ca3a733a3e,78980,4,4
448546652,A,deb,"Zen JV, LLC",25-11195,294,,"Order Authorizing and Approving the Retention of M3 Advisory Partners, LP as Financial Advisor to the Official Committee of Unsecured Creditors of Zen JV, LLC, et al., Effective as of July 2, 2025 (related document(s)204) Order Signed on 8/8/2025. (PS) (Entered: 08/08/2025)",https://storage.courtlistener.com/recap/gov.uscourts.deb.197516/gov.uscourts.deb.197516.294.0.pdf,data/raw/deb/70619299/448546652.pdf,ok,,fbaf359354ab1dc909c8889eebd7c82b2b1347216aaf56efc524dbdc866c1c2b,64294,3,3
448784755,A,deb,"Zen JV, LLC",25-11195,297,,Order Authorizing The Employment And Retention Of Latham & Watkins LLP As Bankruptcy Counsel Effective As Of The Petition Date (Related Doc # 207)(related document(s)207) Order Signed on 8/11/2025. (AJL) (Entered: 08/12/2025),https://storage.courtlistener.com/recap/gov.uscourts.deb.197516/gov.uscourts.deb.197516.297.0.pdf,data/raw/deb/70619299/448784755.pdf,ok,,737d95a1b33630cabc7d6f52a4d345e90061b4708298ef8f0a4e8004c3716a09,225183,3,3
454755090,A,deb,"Zen JV, LLC",25-11195,430,,"Application/Motion to Employ/Retain Forvis Mazars, LLP as as Tax Services Provider to the Debtors and Debtors in Possession Effective as of September 11, 2025 Filed by Zen JV, LLC. Hearing scheduled for 11/13/2025 at 01:00 PM at US Bankruptcy Court, 824 Market St., 5th Fl., Courtroom #6, Wilmington, Delaware. Objections due by 10/21/2025. (Attachments: # 1 Notice # 2 Exhibit A # 3 Exhibit B # 4 Exhibit C) (Liu, Huiqi) (Entered: 10/07/2025)",https://storage.courtlistener.com/recap/gov.uscourts.deb.197516/gov.uscourts.deb.197516.430.0.pdf,data/raw/deb/70619299/454755090.pdf,ok,,be88638004135786f77ab4efe9bd31fbfaad8b02b3a3b8b0e54b07abd60fef9b,354807,14,14
454755091,A,deb,"Zen JV, LLC",25-11195,430,1,"Application/Motion to Employ/Retain Forvis Mazars, LLP as as Tax Services Provider to the Debtors and Debtors in Possession Effective as of September 11, 2025 Filed by Zen JV, LLC. Hearing scheduled for 11/13/2025 at 01:00 PM at US Bankruptcy Court, 824 Market St., 5th Fl., Courtroom #6, Wilmington, Delaware. Objections due by 10/21/2025. (Attachments: # 1 Notice # 2 Exhibit A # 3 Exhibit B # 4 Exhibit C) (Liu, Huiqi) (Entered: 10/07/2025)",https://storage.courtlistener.com/recap/gov.uscourts.deb.197516/gov.uscourts.deb.197516.430.1.pdf,data/raw/deb/70619299/454755091.pdf,ok,,8ba4da06d3f41332a4d8819682d294c1d1076375b57421fd786d6c474a0ed796,157162,3,3
454755092,A,deb,"Zen JV, LLC",25-11195,430,2,"Application/Motion to Employ/Retain Forvis Mazars, LLP as as Tax Services Provider to the Debtors and Debtors in Possession Effective as of September 11, 2025 Filed by Zen JV, LLC. Hearing scheduled for 11/13/2025 at 01:00 PM at US Bankruptcy Court, 824 Market St., 5th Fl., Courtroom #6, Wilmington, Delaware. Objections due by 10/21/2025. (Attachments: # 1 Notice # 2 Exhibit A # 3 Exhibit B # 4 Exhibit C) (Liu, Huiqi) (Entered: 10/07/2025)",https://storage.courtlistener.com/recap/gov.uscourts.deb.197516/gov.uscourts.deb.197516.430.2.pdf,data/raw/deb/70619299/454755092.pdf,ok,,dc38515e4431b22394c5704523a02149b0b74bc984b0f9528da8bf947e3c2518,238240,7,7
454755093,A,deb,"Zen JV, LLC",25-11195,430,3,"Application/Motion to Employ/Retain Forvis Mazars, LLP as as Tax Services Provider to the Debtors and Debtors in Possession Effective as of September 11, 2025 Filed by Zen JV, LLC. Hearing scheduled for 11/13/2025 at 01:00 PM at US Bankruptcy Court, 824 Market St., 5th Fl., Courtroom #6, Wilmington, Delaware. Objections due by 10/21/2025. (Attachments: # 1 Notice # 2 Exhibit A # 3 Exhibit B # 4 Exhibit C) (Liu, Huiqi) (Entered: 10/07/2025)",https://storage.courtlistener.com/recap/gov.uscourts.deb.197516/gov.uscourts.deb.197516.430.3.pdf,data/raw/deb/70619299/454755093.pdf,ok,,be8923a726cd2032f09e26fe4528ea93f4fae0eb3db4bc3e91e9a51fdad951ff,484133,14,14
454755094,A,deb,"Zen JV, LLC",25-11195,430,4,"Application/Motion to Employ/Retain Forvis Mazars, LLP as as Tax Services Provider to the Debtors and Debtors in Possession Effective as of September 11, 2025 Filed by Zen JV, LLC. Hearing scheduled for 11/13/2025 at 01:00 PM at US Bankruptcy Court, 824 Market St., 5th Fl., Courtroom #6, Wilmington, Delaware. Objections due by 10/21/2025. (Attachments: # 1 Notice # 2 Exhibit A # 3 Exhibit B # 4 Exhibit C) (Liu, Huiqi) (Entered: 10/07/2025)",https://storage.courtlistener.com/recap/gov.uscourts.deb.197516/gov.uscourts.deb.197516.430.4.pdf,data/raw/deb/70619299/454755094.pdf,ok,,1071679fa2f2d336f0998b54f3eef0276641354f4f591f930b40a631d8efad1a,410609,20,20
458548734,A,deb,"Zen JV, LLC",25-11195,497,,"Order (I) Authorizing The Retention and Employment Of Forvis Mazars, LLP As Tax Services Provider To The Debtors And Debtors In Possession Effective As Of September 11, 2025, (II) Waiving Certain Information Requirements Pursuant To Local Rule 2016-1, And (III) Granting Related Relief (Related Doc # 430)(related document(s)430) Order Signed on 11/12/2025. (AJL) (Entered: 11/12/2025)",https://storage.courtlistener.com/recap/gov.uscourts.deb.197516/gov.uscourts.deb.197516.497.0.pdf,data/raw/deb/70619299/458548734.pdf,ok,,4deafcb3c196ce404cd0ab0690610bccb7c447cf0cb165ef15de02b30aab674f,214592,6,6
