recap_doc_id,docket_id,document_number,description,url,path,status,error,sha256,bytes,pages,expected_pages
198645725,63248808,17,"Declaration re: Declaration of Timothy Evans, Chief Financial Officer of GWG Holdings, Inc., in Support of the Debtors' Chapter 11 Petitions and First Day Motions (Filed By GWG Holdings, Inc. ).(Relat",https://storage.courtlistener.com/recap/gov.uscourts.txsb.455856/gov.uscourts.txsb.455856.17.0_1.pdf,data/raw/ranking/63248808/198645725.pdf,ok,,dda294621c012db78598418b344f7827886f21c436ab67724eed1b718b88bbb8,1331235,49,49
380344079,68074855,14,"Affidavit/Declaration in Support of First Day Motion - Declaration of John Faieta in Support of Chapter 11 Petitions and First Day Pleadings Filed By Near Intelligence, Inc. (Reil, Shane) (Entered: 12",https://storage.courtlistener.com/recap/gov.uscourts.deb.191691/gov.uscourts.deb.191691.14.0.pdf,data/raw/ranking/68074855/380344079.pdf,ok,,da24b1ffc571613a2cd0e620189bb62079a64cb4e30e86108d58293b65c97b0d,861350,38,38
380347392,68074855,16,Declaration of Abraham T. Han in Support of Debtors' Motion for Entry of Interim and Final Orders (I) Authorizing the Debtors to Obtain Postpetition Senior Secured Financing and the Use of Cash Collat,https://storage.courtlistener.com/recap/gov.uscourts.deb.191691/gov.uscourts.deb.191691.16.0.pdf,data/raw/ranking/68074855/380347392.pdf,ok,,3e6d419e204424067607b0da6916109704f4d1f573812f623ce587e12f12bb2f,334148,11,11
426145608,69517992,2,"Affidavit/Declaration in Support of First Day Motion (Declaration of Douglas Smith, Chief Executive Officer of Ligado Networks LLC, in Support of Chapter 11 Petitions and First Day Pleadings) Filed By",https://storage.courtlistener.com/recap/gov.uscourts.deb.195197/gov.uscourts.deb.195197.2.0.pdf,data/raw/ranking/69517992/426145608.pdf,ok,,6e1e76b9496ff333c5ee8a4e852e571ad51b712217bde1256dfcfbae8f264ab1,5801718,331,331
427170052,69545727,5,"Affidavit/Declaration in Support of First Day Motion (Declaration of Michael Prendergast, Interim Chief Executive Officer, in Support of Chapter 11 Petitions and First Day Motions). Filed By JOANN Inc",https://storage.courtlistener.com/recap/gov.uscourts.deb.195265/gov.uscourts.deb.195265.5.0.pdf,data/raw/ranking/69545727/427170052.pdf,ok,,0904094c38631ee9dfb11d4ef1346d1725f79eca03927dba51ee00ab295ecb9a,939034,53,53
430234311,69545727,410,Motion for Leave (Motion of Debtors for Leave to File Late Reply in Support of Debtors' Bidding Procedures Motion) (related document(s)17) Filed by JOANN Inc.. Hearing scheduled for 2/14/2025 at 09:30,https://storage.courtlistener.com/recap/gov.uscourts.deb.195265/gov.uscourts.deb.195265.410.2.pdf,data/raw/ranking/69545727/430234311.pdf,ok,,1ee3fc0d389b45091ecf2487451cf1c853fcfaa9f9dba22a7a0d199e2fe38555,755263,24,24
430647524,69651079,18,"Affidavit/Declaration in Support of First Day Motion // Declaration of Stephen J. Girsky in Support of Chapter 11 Petitions and First Day Motions Filed By Nikola Corporation (Kotsiras, Maria) (Entered",https://storage.courtlistener.com/recap/gov.uscourts.deb.195826/gov.uscourts.deb.195826.18.0.pdf,data/raw/ranking/69651079/430647524.pdf,ok,,884ac4b168121ccb59a8095e950a62443bf6035f1ed28729c6769e81af4977f0,1780904,32,32
431945213,69700734,6,"Declaration re: Declaration of Randall S. Eisenberg in Support of Chapter 11 Petitions and First Day Motions (Filed By DocuData Solutions, L.C. ). (Davidson, Timothy) (Entered: 03/03/2025)",https://storage.courtlistener.com/recap/gov.uscourts.txsb.480218/gov.uscourts.txsb.480218.6.0.pdf,data/raw/ranking/69700734/431945213.pdf,ok,,3d2a99705009d9c3f41a2397bdc8ed9e61b6be2fa8a0681ff9f00885a7e4497e,1565423,47,47
431975971,69700734,35,"Notice of Filing of First Day Hearing Presentation. Filed by DocuData Solutions, L.C. (Davidson, Timothy) (Entered: 03/04/2025)",https://storage.courtlistener.com/recap/gov.uscourts.txsb.480218/gov.uscourts.txsb.480218.35.0.pdf,data/raw/ranking/69700734/431975971.pdf,ok,,7f63a5d70cdd6443b58605ea46e5931fb84807620393daee7545b88db03711e6,1199645,18,18
432077597,69704984,18,"Notice of DECLARATION OF JONATHAN M. TIBUS IN SUPPORT OF CHAPTER 11 PETITIONS AND FIRST DAY PLEADINGS Filed by Jeff Dutson on behalf of OTB Holding LLC. (Dutson, Jeff)",https://storage.courtlistener.com/recap/gov.uscourts.ganb.1270012/gov.uscourts.ganb.1270012.18.0.pdf,data/raw/ranking/69704984/432077597.pdf,ok,,ef970492773ec2778bb039a828bf324d5ad6362c8d31730c41537c90cedcb487,1285139,70,70
432566590,69719365,18,"Declaration re: Declaration of Janine Yetter In Support of Chapter 11 Petitions and First Day Motions (Filed By MLN US HoldCo LLC ). (Attachments: # 1 Exhibit A # 2 Exhibit B # 3 Exhibit C) (Higgins, ",https://storage.courtlistener.com/recap/gov.uscourts.txsb.480415/gov.uscourts.txsb.480415.18.0.pdf,data/raw/ranking/69719365/432566590.pdf,ok,,66ba836b390797b501ea2406c2e4416b0532d552f80576a5cfbfcbe75bd1ab84,934888,47,47
433342618,69744198,2,"Affidavit/Declaration in Support of First Day Motion - Declaration of Stephen Coulombe in Support of Chapter 11 Petitions and First Day Pleadings Filed By F21 OpCo, LLC (Magaziner, Andrew) (Entered: 0",https://storage.courtlistener.com/recap/gov.uscourts.deb.196144/gov.uscourts.deb.196144.2.0.pdf,data/raw/ranking/69744198/433342618.pdf,ok,,3a127b6330628b1ac12e88e5461e9d22d1624a0ea8cd1bad41c4874bf811c39c,1043960,51,51
433479076,69744209,25,"Declaration in Support // Declaration of Craig R. Jalbert in Support of Chapter 11 Petitions and First Day Pleadings Filed by Brightmark Plastics Renewal LLC. (Ryan, Jeremy) (Entered: 03/17/2025)",https://storage.courtlistener.com/recap/gov.uscourts.deb.196147/gov.uscourts.deb.196147.25.0.pdf,data/raw/ranking/69744209/433479076.pdf,ok,,dbacccc9eee9d2bc6187127973fc2a7ad2ad40be9e8e2b889b3dfbf880387fd9,462852,24,24
434971481,69826539,19,"Declaration re: /Declaration of Keith Maib, Chief Restructuring Officer of the Debtors, in Support of the Debtors' Chapter 11 Petitions and First Day Motions filed by Debtor Hooters of America, LLC (R",https://storage.courtlistener.com/recap/gov.uscourts.txnb.526530/gov.uscourts.txnb.526530.19.0.pdf,data/raw/ranking/69826539/434971481.pdf,ok,,022ab0b766d12efc6d7212c7f1469a945c01d3f113afbdb9821d10ac6c87c530,635136,27,27
435248467,69744367,93,Transcript regarding Hearing Held 03/18/2025 RE: First Day Motions. Remote electronic access to the transcript is restricted until 6/23/2025. The transcript may be viewed at the Bankruptcy Court Clerk,https://storage.courtlistener.com/recap/gov.uscourts.deb.196150/gov.uscourts.deb.196150.93.0.pdf,data/raw/ranking/69744367/435248467.pdf,ok,,00b41911c37d014591af2a4d27e439cad525328f6bfed805173c0591f40d3982,1211593,77,77
436541325,69898417,3,"Declaration re: Declaration of John Walsh, Managing Director of Alvarez & Marsal North America, LLC, in Support of the Debtors' First Day Motions (Filed By Global Clean Energy Holdings, Inc. ). (Bolan",https://storage.courtlistener.com/recap/gov.uscourts.txsb.481646/gov.uscourts.txsb.481646.3.0.pdf,data/raw/ranking/69898417/436541325.pdf,ok,,00636783a844dd996e7a609fe5c1e51c7d3ce1da3cebac96c49b5abd04449a6e,744634,39,39
438711474,70168961,2,"Affidavit/Declaration in Support of First Day Motion - Declaration of Felicia DellaFortuna in Support of Chapter 11 Petitions and First Day Pleadings Filed By WW International, Inc. (Morton, Edmon) (E",https://storage.courtlistener.com/recap/gov.uscourts.deb.196969/gov.uscourts.deb.196969.2.0.pdf,data/raw/ranking/70168961/438711474.pdf,ok,,0ee3176fe416e2594928ed7e92605f21c6b3928e451320b47f545667045cc373,2829536,101,101
439216445,70242583,16,"Declaration of Cherie Parks, Chief Financial Officer, In Support of Debtor's Chapter 11 Petition and First Day Motions in support of (related document:1 Voluntary Petition (Chapter 11) filed by Debtor",https://storage.courtlistener.com/recap/gov.uscourts.njb.1126248/gov.uscourts.njb.1126248.16.0.pdf,data/raw/ranking/70242583/439216445.pdf,ok,,0fdbdb043ad4dac5a1153e00f44313216e86fcef99ffda3fe2f0e0694d658996,569967,30,30
440306526,69860865,216,"Declaration in Support // Declaration of Michael Ragano in Support of Debtors' Motion for Entry of an Order (I) Approving the Sale of the Debtors' Assets Free and Clear of Claims, Liens, and Encumbran",https://storage.courtlistener.com/recap/gov.uscourts.deb.196437/gov.uscourts.deb.196437.216.0.pdf,data/raw/ranking/69860865/440306526.pdf,ok,,59a084f9cf8b71f4178dd13b5f10cb01001dca9782b1c6d967c37c880067c888,270755,8,8
440710933,70315194,44,"Document re: Declaration of Matthew Dundon, Principal of IslandDundon LLC, in Support of Debtors' Chapter 11 Petitions and First Day Pleadings filed by Andrew Zatz on behalf of CBRM Realty Inc.. (Atta",https://storage.courtlistener.com/recap/gov.uscourts.njb.1126565/gov.uscourts.njb.1126565.44.0.pdf,data/raw/ranking/70315194/440710933.pdf,ok,,bffb95678e882ff635fb885266e9e46e3acc911941344ce09851f2b54de3ca58,372570,15,15
440751875,70335865,10,"Declaration of Ephraim Diamond Pursuant to Local Bankruptcy Rule 1007-2 in Support of Debtors Chapter 11 Petitions and First Day Relief filed by Gary Holtzer on behalf of Broadway Realty I Co., LLC. (",https://storage.courtlistener.com/recap/gov.uscourts.nysb.329376/gov.uscourts.nysb.329376.10.0.pdf,data/raw/ranking/70335865/440751875.pdf,ok,,9f6538d63e55d5681b7efc79aa7b0a04d8de724f87d221a3e3278fcab97a0e3e,2271816,37,37
442041142,70491405,17,"Declaration re: Declaration of Paul Mathews, President and Chief Executive Officer of Sunnova Energy International Inc., in Support of Debtors' Chapter 11 Petitions (Filed By Sunnova Energy Internatio",https://storage.courtlistener.com/recap/gov.uscourts.txsb.483342/gov.uscourts.txsb.483342.17.0.pdf,data/raw/ranking/70491405/442041142.pdf,ok,,255f328d4df7bcb97bdc1ae4ea579db167714d39d9b3a693a9131e3dd0e850fb,1276721,45,45
442070875,70491405,25,"Declaration re: Declaration of Ryan Omohundro, Chief Restructuring Officer of Sunnova Energy International Inc., in Support of Debtors' First Day Motions (Filed By Sunnova Energy International Inc. ).",https://storage.courtlistener.com/recap/gov.uscourts.txsb.483342/gov.uscourts.txsb.483342.25.0.pdf,data/raw/ranking/70491405/442070875.pdf,ok,,db9bb17fda0dd65ebd8cd057a4780882286fc82863e2a49303a96ac22efe3c55,804948,37,37
443065651,70568234,15,"Declaration re: /Declaration of Jonathan McCarthy in Support of First Day Motions filed by Debtor Higher Ground Education, Inc. (RE: related document(s)2 Motion for joint administration of cases 25-80",https://storage.courtlistener.com/recap/gov.uscourts.txnb.529057/gov.uscourts.txnb.529057.15.0.pdf,data/raw/ranking/70568234/443065651.pdf,ok,,d3425d69a416161b2fea8efc45dbabba786c954f6ad491f955bab1df20a60de5,1603086,76,76
443927327,70619299,36,"Affidavit/Declaration in Support of First Day Motion (Declaration of Michael Suhajda, Chief Financial Officer, in Support of Chapter 11 Petitions and First Day Pleadings) Filed By Zen JV, LLC (Shapiro",https://storage.courtlistener.com/recap/gov.uscourts.deb.197516/gov.uscourts.deb.197516.36.0.pdf,data/raw/ranking/70619299/443927327.pdf,ok,,43a602b3bcae7b0de4d25d9231ef0a95162541c81c449900441020606bb2706b,519186,20,20
444327216,70676726,5,"Declaration re: | Declaration of Daniel Hugo in Support of Debtors' Chapter 11 Petitions and First Day Relief (Filed By Wolfspeed, Inc. ). (Davidson, Timothy) (Entered: 06/30/2025)",https://storage.courtlistener.com/recap/gov.uscourts.txsb.483982/gov.uscourts.txsb.483982.5.0.pdf,data/raw/ranking/70676726/444327216.pdf,ok,,bdb00da16e0a067766d6d62ec3cc799bd2a14b51aee061c04baf80bea8037173,6357369,279,279
444490286,70687309,19,"Document re: Declaration of Jonathan Goulding, as Chief Restructuring Officer of the Debtors, in Support of Chapter 11 Petitions and First Day Motions filed by Michael D. Sirota on behalf of Del Monte",https://storage.courtlistener.com/recap/gov.uscourts.njb.1128266/gov.uscourts.njb.1128266.19.0_3.pdf,data/raw/ranking/70687309/444490286.pdf,ok,,592e3ca8384744be487f3b9bd45dc827eb465f8c98fa96124e6aa97cb24c5106,4105548,139,139
445251073,70746227,18,"Declaration re: // Declaration of Louis E. Robichaux IV in Support of Chapter 11 Petitions and First Day Pleadings filed by Debtor Genesis Healthcare, Inc. (RE: related document(s)1 Voluntary petition",https://storage.courtlistener.com/recap/gov.uscourts.txnb.529877/gov.uscourts.txnb.529877.18.0_1.pdf,data/raw/ranking/70746227/445251073.pdf,ok,,7b89165f97748ddc1c8a5763fad585ec013faf02a4dc8dead1b73152656a82ea,3146398,81,81
445688650,70789573,18,"Declaration re: Declaration of Jeff Seery in Support of Chapter 11 Petitions and First Day Relief (Filed By RunItOneTime LLC ). (Davidson, Timothy) (Entered: 07/14/2025)",https://storage.courtlistener.com/recap/gov.uscourts.txsb.484302/gov.uscourts.txsb.484302.18.0_24.pdf,data/raw/ranking/70789573/445688650.pdf,ok,,5659fee6cdbad76c07d4ad49a3cf37bfe1ef035c7e70cb4a7de3e7f872549ed4,5870489,110,110
447248424,70937321,16,"Declaration re: Declaration of Andrew Hinkelman in Support of Chapter 11 Petitions and Private Sale Motion (Filed By Desktop Metal, Inc. ).(Related document(s):13 Emergency Motion) (Wallen, Benjamin) ",https://storage.courtlistener.com/recap/gov.uscourts.txsb.484911/gov.uscourts.txsb.484911.16.0.pdf,data/raw/ranking/70937321/447248424.pdf,ok,,e291f4c2d45f3806d93319cc8b77afce7f60d8c9d5a52e4ee9a02fdade71e0ac,625719,27,27
447926245,71012535,14,"Declaration of Stephen Golmont in Support of Debtors' Motion for Entry of Interim and Final Orders, Pursuant to Sections 105, 361, 362, 363, 364, 503 and 507 of the Bankruptcy Code, (I) Authorizing th",https://storage.courtlistener.com/recap/gov.uscourts.deb.198542/gov.uscourts.deb.198542.14.0.pdf,data/raw/ranking/71012535/447926245.pdf,ok,,de3149d9db449a704492448a4e905bcf8d43d6bb7871eff016137d066c3e4c8d,266027,8,8
447926246,71012535,13,"Affidavit/Declaration in Support of First Day Motion // Declaration of Gary Richards in Support of Chapter 11 Petitions and First Day Pleadings Filed By AGDP Holding Inc. (Faris, S. Alexander) (Entere",https://storage.courtlistener.com/recap/gov.uscourts.deb.198542/gov.uscourts.deb.198542.13.0.pdf,data/raw/ranking/71012535/447926246.pdf,ok,,69f82d06af9e37cbab97609c93ed80c178d85e6ddbaf3b87bef16e48e044e8b8,828275,44,44
448236318,71035961,27,"Affidavit/Declaration in Support of First Day Motion (Declaration of Chris Cramer, Chief Executive Officer, Chief Operating Officer, and Chief Financial Officer of Claire's Holdings LLC and Certain of",https://storage.courtlistener.com/recap/gov.uscourts.deb.198602/gov.uscourts.deb.198602.27.0_1.pdf,data/raw/ranking/71035961/448236318.pdf,ok,,0b5660cbfb80dca9c322c28f775b8b395c4dd44243512216100b11243480f258,959135,45,45
449360716,71133061,2,"Declaration re: Declaration of Roy Gallagher in Support of the Debtors' Chapter 11 Petitions and First Day Motions (Filed By Aleon Metals, LLC ). (Boland, Jason) (Entered: 08/17/2025)",https://storage.courtlistener.com/recap/gov.uscourts.txsb.485682/gov.uscourts.txsb.485682.2.0.pdf,data/raw/ranking/71133061/449360716.pdf,ok,,c378e1ed132d55b44674f902d5edf5dfb174d42dce509edd7dcd62d9267a63a4,1127288,34,34
449765164,71160429,14,"Declaration re: Declaration of Chad J. Shandler in Support of Debtors' Chapter 11 Petitions and First Day Relief (Filed By ModivCare Inc. ). (Davidson, Timothy) (Entered: 08/20/2025)",https://storage.courtlistener.com/recap/gov.uscourts.txsb.485766/gov.uscourts.txsb.485766.14.0_1.pdf,data/raw/ranking/71160429/449765164.pdf,ok,,2bc7f50f1cf759cf40ed1e5df3dd3a8c336f1ca2b43efd2213c6b43f2280352d,8030220,225,225
449957473,71133061,69,"Transcript RE: First-Day Motions Hearing held on 8/19/25 before Judge Christopher M. Lopez. Transcript is available for viewing in the Clerk's Office. Within 21 days, parties are advised to comply wit",https://storage.courtlistener.com/recap/gov.uscourts.txsb.485682/gov.uscourts.txsb.485682.69.0.pdf,data/raw/ranking/71133061/449957473.pdf,ok,,060dffcb25a349fa5ad4e0ee9cb833b555866487a4da761dfaf44fda4e1b3589,994913,50,50
451347647,71160429,121,"Transcript RE: FIRST DAY MOTIONS HEARING held on August 21, 2025 before Judge Alfredo Perez. Transcript is available for viewing in the Clerk's Office. Within 21 days, parties are advised to comply wi",https://storage.courtlistener.com/recap/gov.uscourts.txsb.485766/gov.uscourts.txsb.485766.121.0.pdf,data/raw/ranking/71160429/451347647.pdf,ok,,6f77fd029c987b08d184546f0abc3ec6db855fb978244d0935a33a3249a2d501,1572334,77,77
451924930,71314102,4,"Affidavit/Declaration in Support of First Day Motion Declaration of Ron Thayer in Support of First Day Motions Filed By US Magnesium LLC (Busenkell, Michael) (Entered: 09/10/2025)",https://storage.courtlistener.com/recap/gov.uscourts.deb.199340/gov.uscourts.deb.199340.4.0.pdf,data/raw/ranking/71314102/451924930.pdf,ok,,37f05e8500a0165c9c7069cf43755f8cc274fa1ff06d5e556fd04c597ddaf626,1015700,37,37
453132324,71417875,23,"Declaration re: of Matthew Frank in Support of Chapter 11 Petitions and First Day Motions filed by Debtor Omnicare, LLC (RE: related document(s)1 Voluntary petition (chapter 11), 5 Notice of designati",https://storage.courtlistener.com/recap/gov.uscourts.txnb.532722/gov.uscourts.txnb.532722.23.0.pdf,data/raw/ranking/71417875/453132324.pdf,ok,,6f7eface5e2407b88ac93be2fd0692891c8054ede4b1acdc9c8d3dc163dd01ae,1252276,50,50
456095153,71705830,3,"Declaration re: Declaration of Thiago da Costa Silva in Support of Chapter 11 Petition (Filed By Ambipar Emergency Response ). (Brookner, Jason) (Entered: 10/20/2025)",https://storage.courtlistener.com/recap/gov.uscourts.txsb.487950/gov.uscourts.txsb.487950.3.0_1.pdf,data/raw/ranking/71705830/456095153.pdf,ok,,c59e7ba1d14c91406545b52f7dbdda72970533c5d774bb11fec0c0260b5210c3,425047,11,11
456337809,71717482,29,"Declaration re: Debtors' Chapter 11 Petitions and Requests for First Day Relief filed by Debtor PrimaLend Capital Partners, LP (RE: related document(s)4 Motion for joint administration of cases 25-900",https://storage.courtlistener.com/recap/gov.uscourts.txnb.533992/gov.uscourts.txnb.533992.29.0.pdf,data/raw/ranking/71717482/456337809.pdf,ok,,dd5e341bf62b5c8372a9b8c6854a54616121115ef991e182cb5383332dac1c58,934255,35,35
457421136,71830416,26,"Declaration re: / Declaration of John R. Castellano in Support of Debtors' Chapter 11 Petitions and First Day Relief (Filed By Office Properties Income Trust ). (Davidson, Timothy) (Entered: 10/31/202",https://storage.courtlistener.com/recap/gov.uscourts.txsb.488303/gov.uscourts.txsb.488303.26.0.pdf,data/raw/ranking/71830416/457421136.pdf,ok,,c762c1a58ac9d43bc21db3d1fadb4e7d20ce4786c89fb2c589896034ae79d574,4789889,159,159
457522863,71830416,43,"Objection - The 2027 Ad Hoc Group's Objection to the Debtors' First Day Motions (related document(s):21 Emergency Motion (with hearing date), 23 Emergency Motion (with hearing date), 32 Emergency Moti",https://storage.courtlistener.com/recap/gov.uscourts.txsb.488303/gov.uscourts.txsb.488303.43.0.pdf,data/raw/ranking/71830416/457522863.pdf,ok,,746abcfe31ac4b9be008dfc2ef6f165261162837cf4b3f013a2946b0435f03cc,1061623,45,45
458050473,71884150,19,"Declaration re: / Declaration of Ray Shem, President and Chief Financial Officer of the Debtors, in Support of the Chapter 11 Petitions and First-Day Relief (Filed By Pine Gate Renewables, LLC ). (Dav",https://storage.courtlistener.com/recap/gov.uscourts.txsb.488722/gov.uscourts.txsb.488722.19.0.pdf,data/raw/ranking/71884150/458050473.pdf,ok,,5c560cbad936e98269668bf39c186cc015e81c25351f396e2a2f7f7d0b378e34,4961558,37,37
458166630,71884150,50,Declaration re: / Declaration of Tyler W. Cowan in Support of Debtors' Motions to Obtain (A) Postpetition Financing and (B) Approval of Bidding Procedures For Sale of Debtors' Assets (Filed By Pine Ga,https://storage.courtlistener.com/recap/gov.uscourts.txsb.488722/gov.uscourts.txsb.488722.50.0.pdf,data/raw/ranking/71884150/458166630.pdf,ok,,d87dab875a57445f65b5dfea54956ce2d230a0a45a5fb00b27d50bc2cec0b64d,659509,28,28
459991503,71957177,12,"Declaration re: / Declaration of Robert Del Genio in Support of Debtors' Petitions and Requests for First Day Relief (Filed By PosiGen, PBC ).(Related document(s):1 Voluntary Petition (Chapter 11), 2 ",https://storage.courtlistener.com/recap/gov.uscourts.txsb.489344/gov.uscourts.txsb.489344.12.0.pdf,data/raw/ranking/71957177/459991503.pdf,ok,,d189916c489d602b7b5410a4df0938409f851f2fd7e0a82086bb063e9c47d280,1193215,67,67
461856657,72008069,16,"Declaration re: Declaration of Tommy Magrath in Support of Debtor's Chapter 11 Petition and First Day Pleadings (Filed By Tedder Industries, LLC ).(Related document(s):3 Emergency Motion, 8 Emergency ",https://storage.courtlistener.com/recap/gov.uscourts.txsb.489846/gov.uscourts.txsb.489846.16.0.pdf,data/raw/ranking/72008069/461856657.pdf,ok,,1186934facb8c8f01e06e9c3efad3183d99009028ccd84233269c194de0762fc,650054,23,23
461905680,72035284,19,"Affidavit/Declaration in Support of First Day Motion // Declaration of Karian Wong in Support of Chapter 11 Petitions and First Day Motions Filed By iRobot Corporation (Borovinskaya, Shella) (Entered:",https://storage.courtlistener.com/recap/gov.uscourts.deb.200017/gov.uscourts.deb.200017.19.0.pdf,data/raw/ranking/72035284/461905680.pdf,ok,,b02a7a6c9e2d7c92e9b1ba9b7a6dcc27ada5ac32ade9c9849a207c67733455f9,770494,37,37
461946975,72012078,18,"Affidavit/Declaration in Support of First Day Motion // Declaration of Dr. Seth L. Harrison in Support of Chapter 11 Petitions and First Day Motions Filed By Apple Tree Life Sciences, Inc. (Haywood, B",https://storage.courtlistener.com/recap/gov.uscourts.deb.199991/gov.uscourts.deb.199991.18.0.pdf,data/raw/ranking/72012078/461946975.pdf,ok,,b7483cd7fb7caa8d4911518f765fbd6d29dc7af5a5b3ebbab91b7f0473e04a0d,1992022,124,124
463505581,72086875,2,"Affidavit/Declaration in Support of First Day Motion Declaration of Erika Badan in Support of Chapter 11 Petition and First Day Motions Filed By Food52, Inc. (Nestor, Michael) (Entered: 12/29/2025)",https://storage.courtlistener.com/recap/gov.uscourts.deb.200118/gov.uscourts.deb.200118.2.0.pdf,data/raw/ranking/72086875/463505581.pdf,ok,,c0b6920c35056ca19287642b19a2f344edd395f8109ae35112420a1130b5941d,1262887,21,21
464833743,72130479,20,"Declaration of Thomas Higbie in Support of Debtors' Motion for Entry of Interim and Final Orders (I) Authorizing the Debtors to Obtain Postpetition Financing, (II) Authorizing the Debtors to Use Cash ",https://storage.courtlistener.com/recap/gov.uscourts.njb.1136642/gov.uscourts.njb.1136642.20.0.pdf,data/raw/ranking/72130479/464833743.pdf,ok,,34d55c60d13fba77e7dd64be1c5d1ab7bc57568527b9763f2517b20761b84e5f,757408,19,19
465058518,72141043,17,"Declaration re: of Mark Weinsten in Support of Chapter 11 Petitions and First Day Pleadings (Filed By Saks Global Enterprises LLC ). (Norfleet, Kelli) (Entered: 01/14/2026)",https://storage.courtlistener.com/recap/gov.uscourts.txsb.491023/gov.uscourts.txsb.491023.17.0.pdf,data/raw/ranking/72141043/465058518.pdf,ok,,cc2960b5ce2bede047188778507efc1411d23d9309250e8363624c4b8db9a73d,1617461,63,63
465071886,72141043,37,"Declaration re: Declaration of Andrew D.J. Hede in Support of SO5 Digital Debtors' Chapter 11 Petitions and First Day Pleadings (Filed By Luxury Outlets USA, LLC, Saks OFF 5TH Holdings LLC, Saks OFF 5",https://storage.courtlistener.com/recap/gov.uscourts.txsb.491023/gov.uscourts.txsb.491023.37.0.pdf,data/raw/ranking/72141043/465071886.pdf,ok,,8598d66dfa0539883fa4ba43be865fd75b5a93a242cef9ef1b8575ae3e09228e,415619,14,14
466515407,72190554,15,"Declaration re: / Declaration of John C. DiDonato in Support of Debtors' Chapter 11 Petitions and First Day Relief (Filed By FAT Brands Inc. ). (Davidson, Timothy) (Entered: 01/27/2026)",https://storage.courtlistener.com/recap/gov.uscourts.txsb.491300/gov.uscourts.txsb.491300.15.0.pdf,data/raw/ranking/72190554/466515407.pdf,ok,,81ff6b5555232c743ac174436dfba16e033caec9bf4f19be8f98d4712c095548,2011822,58,58
467188550,72217435,4,"Declaration re: - Declaration of Guy Sirkes in Support of Chapter 11 Petitions and First Day Motions (Filed By Nine Energy Service, Inc. ).(Related document(s):1 Voluntary Petition (Chapter 11), 2 Eme",https://storage.courtlistener.com/recap/gov.uscourts.txsb.491732/gov.uscourts.txsb.491732.4.0.pdf,data/raw/ranking/72217435/467188550.pdf,ok,,f295c273131c0f6ddf13bcf2816e3e0b60305eb5e3a50043b52b5992317049c4,1925711,48,48
467541206,72222161,33,"Declaration re: // Declaration of M. Benjamin Jones in Support of Chapter 11 Petitions and First Day Pleadings filed by Debtor Inspired Healthcare Capital Holdings, LLC (RE: related document(s)2 Notic",https://storage.courtlistener.com/recap/gov.uscourts.txnb.538400/gov.uscourts.txnb.538400.33.0.pdf,data/raw/ranking/72222161/467541206.pdf,ok,,2b49752d6f566bdd93dd5f8fd6cc228e6cdfe3541b2a528fc65f74b7ecf2f600,4707117,48,48
467690614,72236458,4,"Document re: Declaration Of Curt Kroll In Support Of First Day Motions filed by Vincent J. Roldan on behalf of Francesca's Acquisition LLC. (Roldan, Vincent) (Entered: 02/05/2026)",https://storage.courtlistener.com/recap/gov.uscourts.njb.1137723/gov.uscourts.njb.1137723.4.0_1.pdf,data/raw/ranking/72236458/467690614.pdf,ok,,7fe5d4e42c32ef57f4dbd93f41ee9123e292ae7a24b4755f834ea89bc63683aa,640630,27,27
468079145,72247921,35,"Declaration of Stephen Coulombe, Co-Chief Restructuring Officer of Eddie Bauer LLC and Its Affiliates, in Support of Chapter 11 Petitions and First Day Motions in support of (related document:1 Volunt",https://storage.courtlistener.com/recap/gov.uscourts.njb.1137835/gov.uscourts.njb.1137835.35.0.pdf,data/raw/ranking/72247921/468079145.pdf,ok,,459779dce991333754a19102f88e50ddd311d64ef5c52c5d9a1cd25717f15686,3595043,161,161
468394699,72222785,33,"Declaration re: // Declaration of M. Benjamin Jones in Support of Chapter 11 Petitions and First Day Pleadings filed by Debtor Inspired Healthcare Capital Holdings, LLC (RE: related document(s)2 Notic",https://storage.courtlistener.com/recap/gov.uscourts.txnb.538526/gov.uscourts.txnb.538526.33.0.pdf,data/raw/ranking/72222785/468394699.pdf,ok,,2b49752d6f566bdd93dd5f8fd6cc228e6cdfe3541b2a528fc65f74b7ecf2f600,4707117,48,48
470859751,72366159,15,Declaration re: Declaration of Francisco J. Lopez-Balboa in Support of Chapter 11 Petitions and First Day Motions (Filed By Cumulus Media Inc. ). (Attachments: # 1 Exhibit A # 2 Exhibit B # 3 Exhibit ,https://storage.courtlistener.com/recap/gov.uscourts.txsb.492893/gov.uscourts.txsb.492893.15.0.pdf,data/raw/ranking/72366159/470859751.pdf,ok,,451f61504956322a9e2dde07a709f8962f0a141a1819dcf6cab14f0bd0e8e137,1184880,39,39
471218787,72378332,5,"Declaration re: /Declaration of Patrick D. Killian in Support of Chapter 11 Petitions and First Day Pleadings (Filed By Viridis Chemical, LLC ). (Struble, Matthew) (Entered: 03/08/2026)",https://storage.courtlistener.com/recap/gov.uscourts.txsb.492995/gov.uscourts.txsb.492995.5.0.pdf,data/raw/ranking/72378332/471218787.pdf,ok,,148e0000e3375bee117379fd35f1f4c52f0908121900bda8aeb95c4d52b57c70,4918468,55,55
475721953,73166168,15,"Declaration re: Declaration in Support of First Day Pleadings filed by Debtor GEV IO, LLC (RE: related document(s)1 Voluntary petition (chapter 11)). (Janak, Taylre)",https://storage.courtlistener.com/recap/gov.uscourts.txnb.541113/gov.uscourts.txnb.541113.15.0.pdf,data/raw/ranking/73166168/475721953.pdf,ok,,e11a6ce69bddd34dc98c5f476a1bba4ca11c003d04b3e6e1f8b275be56ff0142,316371,8,8
477262536,73251555,13,"Declaration re: (Declaration of Edward Houlihan, Vice President of the Debtor, in Support of Chapter 11 Petition and First Day Pleadings) (Filed By Miyoshi America, Inc. ). (Kelley, Charles) (Entered:",https://storage.courtlistener.com/recap/gov.uscourts.txsb.494843/gov.uscourts.txsb.494843.13.0.pdf,data/raw/ranking/73251555/477262536.pdf,ok,,a8027f49efdebf4546cb3a144a6ca781c70694768afa78f754ca2980f3f4688b,562375,21,21
478823688,73322689,5,"Affidavit/Declaration in Support of First Day Motion // Declaration of Jesse York in Support of Chapter 11 Petitions and First Day Relief Filed By Spanish Broadcasting System, Inc. (Attachments: # 1 E",https://storage.courtlistener.com/recap/gov.uscourts.deb.201204/gov.uscourts.deb.201204.5.0.pdf,data/raw/ranking/73322689/478823688.pdf,ok,,d561414070580a3dae34257886a82cb2f9cf376ebc3521e126984e304cafad1a,521707,20,20
479663125,73354028,23,"Declaration re: /Declaration of Thomas Studebaker in Support of the Chapter 11 Cases and First Day Motions (Filed By Bitcoin Depot Inc. ). (Heath, Paul) (Entered: 05/18/2026)",https://storage.courtlistener.com/recap/gov.uscourts.txsb.495649/gov.uscourts.txsb.495649.23.0_2.pdf,data/raw/ranking/73354028/479663125.pdf,ok,,e5700d836d5273e9c93e9aed3d2ea7b4621c0bb286e206404ecb6031056be67c,2676418,92,92
481381087,73410103,19,"Declaration re: \ Declaration of Edward Manning, Restructuring Advisor to the Debtors, in Support of the Chapter 11 Petitions and First Day Relief (Filed By GOLDENPEAKS POLAND HOLDING LIMITED ).(Relat",https://storage.courtlistener.com/recap/gov.uscourts.txsb.496068/gov.uscourts.txsb.496068.19.0.pdf,data/raw/ranking/73410103/481381087.pdf,ok,,fc1d6d343a4b4317c729da0e63620c1f6fc432181f69186367fb433bf3cb4f79,1120597,38,38
481831405,73450943,4,"Affidavit/Declaration in Support of First Day Motion Declaration of Vijay Kotte, Chief Executive Officer of GoHealth, Inc., in Support of Chapter 11 Petitions, First Day Motions, and Access to Cash Co",https://storage.courtlistener.com/recap/gov.uscourts.deb.201581/gov.uscourts.deb.201581.4.0_1.pdf,data/raw/ranking/73450943/481831405.pdf,ok,,1ff4ba0e9e24364620789ec710fe767043075b3a2ffabaf10e27eeb911e4ca0e,785391,41,41
482652366,73443160,62,"Document re: / Declaration of Assaf Ravid, Chief Restructuring Officer of the SIMAD Debtors, in Support of the Debtors' Chapter 11 Petitions and First Day Motions (related document:1 Voluntary Petitio",https://storage.courtlistener.com/recap/gov.uscourts.njb.1143021/gov.uscourts.njb.1143021.62.0_1.pdf,data/raw/ranking/73443160/482652366.pdf,ok,,165b1ec7713a80141cfc4c05bb61e8157b34afc9fbf0a94965e9eb4a005fd143,397858,15,15
483924045,73444275,157,"Document re: Declaration of Perry Mandarino, Chief Restructuring Officer of the DAMIS Debtors, in Support of Chapter 11 Petitions and First Day Motions filed by Michael P. Pompeo on behalf of DAMIS Ho",https://storage.courtlistener.com/recap/gov.uscourts.njb.1143072/gov.uscourts.njb.1143072.157.0.pdf,data/raw/ranking/73444275/483924045.pdf,ok,,e2045618052b28f795297dda9d873cafd8b23e20a3452ad64beac4fd28a3620f,654448,23,23
484708358,73556804,19,Declaration re: / Declaration of John Swieringa in Support of Chapter 11 Petitions and Requests for First Day Relief (Filed By DISH DBS Corporation ).(Related document(s):1 Voluntary Petition (Chapter,https://storage.courtlistener.com/recap/gov.uscourts.txsb.497254/gov.uscourts.txsb.497254.19.0.pdf,data/raw/ranking/73556804/484708358.pdf,ok,,b439f97bd21d7d49fbc56aeee5a40df14d3c885bf022507d58bee1ad1e8bceef,7997323,272,272
484793575,73556804,63,"Objection / Crown Castle's Objection and Reservation of Rights with Respect to the DISH Wireless Debtors' Requested First Day Relief (related document(s):15 Emergency Motion (with hearing date), 16 Em",https://storage.courtlistener.com/recap/gov.uscourts.txsb.497254/gov.uscourts.txsb.497254.63.0.pdf,data/raw/ranking/73556804/484793575.pdf,ok,,c39480f3cf35de780f1bdfecc3096b1de6ff00086a7d2be8620736cb6c5278a6,358215,15,15
486771629,73638662,11,"Declaration re: Peter Kravitz in Support of the Debtors Chapter 11 Petitions and First Day Pleadings (Filed By Alea Holdings US Company ).(Related document(s):1 Voluntary Petition (Chapter 11), 2 Moti",https://storage.courtlistener.com/recap/gov.uscourts.txsb.498070/gov.uscourts.txsb.498070.11.0.pdf,data/raw/ranking/73638662/486771629.pdf,ok,,b7a5eae3ffce3b90637da781270284b8745e045de7d02089521a22db175e51c8,919155,37,37
487612151,73673073,10,"Affidavit/Declaration in Support of First Day Motion - Declaration of David Hindman, as Chief Executive Officer of Omnis Pleasants, LLC d/b/a Pleasants Power Station, in Support of Chapter 11 Petition",https://storage.courtlistener.com/recap/gov.uscourts.deb.202016/gov.uscourts.deb.202016.10.0_1.pdf,data/raw/ranking/73673073/487612151.pdf,ok,,2447f4ead2d291825dcdf97fea22d5b710dbb63c5842256d38c9fa6059ed8cbe,756203,32,32
487617502,73673083,18,"Declaration re: / Declaration of John R. Castellano, Chief Restructuring Officer of Republic National Distributing Company, LLC and its Debtor Affiliates, in Support of the Debtors' Chapter 11 Petitio",https://storage.courtlistener.com/recap/gov.uscourts.txsb.498599/gov.uscourts.txsb.498599.18.0.pdf,data/raw/ranking/73673083/487617502.pdf,ok,,0c58ec2b172edb8adf05ea86e0e6ea6eed24e0de91105c4f6d3430818b7f98a6,2472413,78,78
488745825,73720148,16,"Declaration re: (Declaration of Francis P. Gallagher in Support of Chapter 11 Petitions and First Day Pleadings) (Filed By And Go Concepts, LLC ). (Alaniz, Omar) (Entered: 08/05/2026)",https://storage.courtlistener.com/recap/gov.uscourts.txsb.499184/gov.uscourts.txsb.499184.16.0.pdf,data/raw/ranking/73720148/488745825.pdf,ok,,208bc00bef1eb4cb019fa56debfa17dfa22c61d281cf9d888a7c4de729ed1abd,941215,18,18
489279532,73739399,14,Declaration re: Declaration of Mark Shapiro in Support of Chapter 11 Petitions and First Day Motions filed by Debtor Signal National LLC (RE: related document(s)1 Voluntary petition (chapter 11)). (Br,https://storage.courtlistener.com/recap/gov.uscourts.txnb.545878/gov.uscourts.txnb.545878.14.0.pdf,data/raw/ranking/73739399/489279532.pdf,ok,,2ca14725562a53927baa2e7987292578c793aee4690c5c6de110f63cf4f25b50,945700,48,48
492896948,74760119,23,Declaration of Bradley A. Robins in Support of Debtors' Motion for Entry of Interim and Final Orders in support of (related document:22 Motion (Generic) filed by Debtor LIV Golf New Jersey LLC) filed ,https://storage.courtlistener.com/recap/gov.uscourts.njb.1146983/gov.uscourts.njb.1146983.23.0.pdf,data/raw/ranking/74760119/492896948.pdf,ok,,ee1b4a8ac55dc6dc89b12bd42af822b5cd393cb2a056ebcec5000d13ea44e3c1,296658,18,18
492898023,74760119,27,"Document re: Declaration of David Orlofsky, Chief Restructuring Officer of the Debtors, in Support of the Debtors' Chapter 11 Petitions and First Day Motions (related document:1 Voluntary Petition (Ch",https://storage.courtlistener.com/recap/gov.uscourts.njb.1146983/gov.uscourts.njb.1146983.27.0.pdf,data/raw/ranking/74760119/492898023.pdf,ok,,afc71b6af70e3120d10bf946ed95f1e3022cada5b4e3881f281e012d915e8050,2876985,128,128
496180462,74914777,22,"Declaration re: Nathan Cook in Support of Chapter 11 Petitions and First Day Pleadings (Filed By FRC Balance, LLC ).(Related document(s):1 Voluntary Petition (Chapter 11)) (Attachments: # 1 Exhibit A ",https://storage.courtlistener.com/recap/gov.uscourts.txsb.501409/gov.uscourts.txsb.501409.22.0.pdf,data/raw/ranking/74914777/496180462.pdf,ok,,2155bbf8cbcd95d54b1923c57e46c0ba99309be2f3aa7b012cd92b3c4ae6f1d5,411269,16,16
496371209,74914772,22,"Declaration re: Nathan Cook in Support of Chapter 11 Petitions and First Day Pleadings (Filed By FRC Balance, LLC ).(Related document(s):1 Voluntary Petition (Chapter 11)) (Attachments: # 1 Exhibit A ",https://storage.courtlistener.com/recap/gov.uscourts.txsb.501407/gov.uscourts.txsb.501407.22.0_2.pdf,data/raw/ranking/74914772/496371209.pdf,ok,,3a3617263d0e84e7df4e9f2918a895bf90a0930edf06bc9730e95b4d5cf58979,411269,16,16
