pdf,text,pdf_sha256,pages,chars,empty_pages,method,status
data/raw/deb/70549975/451709474.pdf,data/text/deb/70549975/451709474.txt,c13c8bceacbe43fd726418b7808670cedde97a259f050927c3f0ec2a2c6f51dc,19,51042,0,text,ok
data/raw/deb/70619299/445681246.pdf,data/text/deb/70619299/445681246.txt,87fcffa712bad09e8a904275e8f2cded5458fcbc665198c1c1d7b99354a46fb7,15,28243,0,text,ok
data/raw/deb/70619299/445681247.pdf,data/text/deb/70619299/445681247.txt,c8f3e2d254c970897b4ac78c0d0467d55a27781bf9c7838194c96a06a3da3ab4,3,3821,0,text,ok
data/raw/deb/70619299/445681248.pdf,data/text/deb/70619299/445681248.txt,88e26902ef122cdc9eac0f43d9be9db0e82268701899cb30074171c39845af38,6,10903,0,text,ok
data/raw/deb/70619299/445681249.pdf,data/text/deb/70619299/445681249.txt,6197d5c33883f32d9f6d97378b183e37ca473d2d06a1a20fb4d4380ea53c71fa,13,43521,0,text,ok
data/raw/deb/70619299/445681250.pdf,data/text/deb/70619299/445681250.txt,a354a2fd7f3245cff56e071fd8817d6f00cf39193c343320ed4d903b8f7ba711,34,73987,0,text,ok
data/raw/deb/70619299/447611846.pdf,data/text/deb/70619299/447611846.txt,8ca546d5462557c752c193fa14721811583f4cd4fc94ece8e9d5f073346d4253,3,4503,0,text,ok
data/raw/deb/70619299/447611847.pdf,data/text/deb/70619299/447611847.txt,ad23e321d8248cab70c1d84ba0d5ad66a0f673245291c7c0fe34571381a58e9d,6,10575,0,text,ok
data/raw/deb/70619299/447611848.pdf,data/text/deb/70619299/447611848.txt,32b75c2f6af5342356e4266a87344b17a27691dbec5039693210230243d10ca2,6,10869,0,text,ok
data/raw/deb/70619299/447825591.pdf,data/text/deb/70619299/447825591.txt,e07f8c7a944ffbbb61f3b28dc5980942b95105467c3b34d2d5d5a12a94eac109,5,10547,0,text,ok
data/raw/deb/73574916/485261848.pdf,data/text/deb/73574916/485261848.txt,98dbd68426824971285cdc04412b1c903aa4e808a007216a7bf8b277ef330aaf,13,27939,0,text,ok
data/raw/deb/73574916/485282445.pdf,data/text/deb/73574916/485282445.txt,5bd7f391841480c0e409164fe4446742e338a7b42a6feecc88a8db596ad7a29c,17,37191,0,text,ok
data/raw/deb/73574916/485282446.pdf,data/text/deb/73574916/485282446.txt,0f1a93c3910b2134b19e1e47102aefffa2f91a160b52db05f2bd6be2d91a1533,9,13056,0,text,ok
data/raw/ranking/63248808/198645725.pdf,data/text/ranking/63248808/198645725.txt,dda294621c012db78598418b344f7827886f21c436ab67724eed1b718b88bbb8,49,99246,0,text,ok
data/raw/ranking/68074855/380344079.pdf,data/text/ranking/68074855/380344079.txt,da24b1ffc571613a2cd0e620189bb62079a64cb4e30e86108d58293b65c97b0d,38,77417,0,text,ok
data/raw/ranking/68074855/380347392.pdf,data/text/ranking/68074855/380347392.txt,3e6d419e204424067607b0da6916109704f4d1f573812f623ce587e12f12bb2f,11,20204,0,text,ok
data/raw/ranking/69517992/426145608.pdf,data/text/ranking/69517992/426145608.txt,6e1e76b9496ff333c5ee8a4e852e571ad51b712217bde1256dfcfbae8f264ab1,331,950436,0,text,ok
data/raw/ranking/69545727/427170052.pdf,data/text/ranking/69545727/427170052.txt,0904094c38631ee9dfb11d4ef1346d1725f79eca03927dba51ee00ab295ecb9a,53,106946,0,text,ok
data/raw/ranking/69545727/430234311.pdf,data/text/ranking/69545727/430234311.txt,1ee3fc0d389b45091ecf2487451cf1c853fcfaa9f9dba22a7a0d199e2fe38555,24,51037,0,text,ok
data/raw/ranking/69651079/430647524.pdf,data/text/ranking/69651079/430647524.txt,884ac4b168121ccb59a8095e950a62443bf6035f1ed28729c6769e81af4977f0,32,63625,0,text,ok
data/raw/ranking/69700734/431945213.pdf,data/text/ranking/69700734/431945213.txt,3d2a99705009d9c3f41a2397bdc8ed9e61b6be2fa8a0681ff9f00885a7e4497e,47,92204,0,text,ok
data/raw/ranking/69700734/431975971.pdf,data/text/ranking/69700734/431975971.txt,7f63a5d70cdd6443b58605ea46e5931fb84807620393daee7545b88db03711e6,18,13674,0,text,ok
data/raw/ranking/69704984/432077597.pdf,data/text/ranking/69704984/432077597.txt,ef970492773ec2778bb039a828bf324d5ad6362c8d31730c41537c90cedcb487,70,150706,0,text,ok
data/raw/ranking/69719365/432566590.pdf,data/text/ranking/69719365/432566590.txt,66ba836b390797b501ea2406c2e4416b0532d552f80576a5cfbfcbe75bd1ab84,47,98803,0,text,ok
data/raw/ranking/69744198/433342618.pdf,data/text/ranking/69744198/433342618.txt,3a127b6330628b1ac12e88e5461e9d22d1624a0ea8cd1bad41c4874bf811c39c,51,98898,0,text,ok
data/raw/ranking/69744209/433479076.pdf,data/text/ranking/69744209/433479076.txt,dbacccc9eee9d2bc6187127973fc2a7ad2ad40be9e8e2b889b3dfbf880387fd9,24,45064,0,text,ok
data/raw/ranking/69744367/435248467.pdf,data/text/ranking/69744367/435248467.txt,00b41911c37d014591af2a4d27e439cad525328f6bfed805173c0591f40d3982,77,110227,0,text,ok
data/raw/ranking/69826539/434971481.pdf,data/text/ranking/69826539/434971481.txt,022ab0b766d12efc6d7212c7f1469a945c01d3f113afbdb9821d10ac6c87c530,27,51923,0,text,ok
data/raw/ranking/69860865/440306526.pdf,data/text/ranking/69860865/440306526.txt,59a084f9cf8b71f4178dd13b5f10cb01001dca9782b1c6d967c37c880067c888,8,14758,0,text,ok
data/raw/ranking/69898417/436541325.pdf,data/text/ranking/69898417/436541325.txt,00636783a844dd996e7a609fe5c1e51c7d3ce1da3cebac96c49b5abd04449a6e,39,80366,0,text,ok
data/raw/ranking/70168961/438711474.pdf,data/text/ranking/70168961/438711474.txt,0ee3176fe416e2594928ed7e92605f21c6b3928e451320b47f545667045cc373,101,253464,0,text,ok
data/raw/ranking/70242583/439216445.pdf,data/text/ranking/70242583/439216445.txt,0fdbdb043ad4dac5a1153e00f44313216e86fcef99ffda3fe2f0e0694d658996,30,64266,0,text,ok
data/raw/ranking/70315194/440710933.pdf,data/text/ranking/70315194/440710933.txt,bffb95678e882ff635fb885266e9e46e3acc911941344ce09851f2b54de3ca58,15,29537,0,text,ok
data/raw/ranking/70335865/440751875.pdf,data/text/ranking/70335865/440751875.txt,9f6538d63e55d5681b7efc79aa7b0a04d8de724f87d221a3e3278fcab97a0e3e,37,60213,0,text,ok
data/raw/ranking/70491405/442041142.pdf,data/text/ranking/70491405/442041142.txt,255f328d4df7bcb97bdc1ae4ea579db167714d39d9b3a693a9131e3dd0e850fb,45,89015,0,text,ok
data/raw/ranking/70491405/442070875.pdf,data/text/ranking/70491405/442070875.txt,db9bb17fda0dd65ebd8cd057a4780882286fc82863e2a49303a96ac22efe3c55,37,76963,0,text,ok
data/raw/ranking/70568234/443065651.pdf,data/text/ranking/70568234/443065651.txt,d3425d69a416161b2fea8efc45dbabba786c954f6ad491f955bab1df20a60de5,76,158600,0,text,ok
data/raw/ranking/70619299/443927327.pdf,data/text/ranking/70619299/443927327.txt,43a602b3bcae7b0de4d25d9231ef0a95162541c81c449900441020606bb2706b,20,37293,0,text,ok
data/raw/ranking/70676726/444327216.pdf,data/text/ranking/70676726/444327216.txt,bdb00da16e0a067766d6d62ec3cc799bd2a14b51aee061c04baf80bea8037173,279,770226,0,text,ok
data/raw/ranking/70687309/444490286.pdf,data/text/ranking/70687309/444490286.txt,592e3ca8384744be487f3b9bd45dc827eb465f8c98fa96124e6aa97cb24c5106,139,299404,0,text,ok
data/raw/ranking/70746227/445251073.pdf,data/text/ranking/70746227/445251073.txt,7b89165f97748ddc1c8a5763fad585ec013faf02a4dc8dead1b73152656a82ea,81,178268,0,text,ok
data/raw/ranking/70789573/445688650.pdf,data/text/ranking/70789573/445688650.txt,5659fee6cdbad76c07d4ad49a3cf37bfe1ef035c7e70cb4a7de3e7f872549ed4,110,227236,0,text,ok
data/raw/ranking/70937321/447248424.pdf,data/text/ranking/70937321/447248424.txt,e291f4c2d45f3806d93319cc8b77afce7f60d8c9d5a52e4ee9a02fdade71e0ac,27,53083,0,text,ok
data/raw/ranking/71012535/447926245.pdf,data/text/ranking/71012535/447926245.txt,de3149d9db449a704492448a4e905bcf8d43d6bb7871eff016137d066c3e4c8d,8,15941,0,text,ok
data/raw/ranking/71012535/447926246.pdf,data/text/ranking/71012535/447926246.txt,69f82d06af9e37cbab97609c93ed80c178d85e6ddbaf3b87bef16e48e044e8b8,44,88106,0,text,ok
data/raw/ranking/71035961/448236318.pdf,data/text/ranking/71035961/448236318.txt,0b5660cbfb80dca9c322c28f775b8b395c4dd44243512216100b11243480f258,45,90956,0,text,ok
data/raw/ranking/71133061/449360716.pdf,data/text/ranking/71133061/449360716.txt,c378e1ed132d55b44674f902d5edf5dfb174d42dce509edd7dcd62d9267a63a4,34,59579,0,text,ok
data/raw/ranking/71133061/449957473.pdf,data/text/ranking/71133061/449957473.txt,060dffcb25a349fa5ad4e0ee9cb833b555866487a4da761dfaf44fda4e1b3589,50,76606,0,text,ok
data/raw/ranking/71160429/449765164.pdf,data/text/ranking/71160429/449765164.txt,2bc7f50f1cf759cf40ed1e5df3dd3a8c336f1ca2b43efd2213c6b43f2280352d,225,495048,0,text,ok
data/raw/ranking/71160429/451347647.pdf,data/text/ranking/71160429/451347647.txt,6f77fd029c987b08d184546f0abc3ec6db855fb978244d0935a33a3249a2d501,77,111248,0,text,ok
data/raw/ranking/71314102/451924930.pdf,data/text/ranking/71314102/451924930.txt,37f05e8500a0165c9c7069cf43755f8cc274fa1ff06d5e556fd04c597ddaf626,37,57305,0,text,ok
data/raw/ranking/71417875/453132324.pdf,data/text/ranking/71417875/453132324.txt,6f7eface5e2407b88ac93be2fd0692891c8054ede4b1acdc9c8d3dc163dd01ae,50,99106,0,text,ok
data/raw/ranking/71705830/456095153.pdf,data/text/ranking/71705830/456095153.txt,c59e7ba1d14c91406545b52f7dbdda72970533c5d774bb11fec0c0260b5210c3,11,20878,0,text,ok
data/raw/ranking/71717482/456337809.pdf,data/text/ranking/71717482/456337809.txt,dd5e341bf62b5c8372a9b8c6854a54616121115ef991e182cb5383332dac1c58,35,70525,0,text,ok
data/raw/ranking/71830416/457421136.pdf,data/text/ranking/71830416/457421136.txt,c762c1a58ac9d43bc21db3d1fadb4e7d20ce4786c89fb2c589896034ae79d574,159,382686,0,text,ok
data/raw/ranking/71830416/457522863.pdf,data/text/ranking/71830416/457522863.txt,746abcfe31ac4b9be008dfc2ef6f165261162837cf4b3f013a2946b0435f03cc,45,94639,0,text,ok
data/raw/ranking/71884150/458050473.pdf,data/text/ranking/71884150/458050473.txt,5c560cbad936e98269668bf39c186cc015e81c25351f396e2a2f7f7d0b378e34,37,72066,0,text,ok
data/raw/ranking/71884150/458166630.pdf,data/text/ranking/71884150/458166630.txt,d87dab875a57445f65b5dfea54956ce2d230a0a45a5fb00b27d50bc2cec0b64d,28,57045,0,text,ok
data/raw/ranking/71957177/459991503.pdf,data/text/ranking/71957177/459991503.txt,d189916c489d602b7b5410a4df0938409f851f2fd7e0a82086bb063e9c47d280,67,147264,0,text,ok
data/raw/ranking/72008069/461856657.pdf,data/text/ranking/72008069/461856657.txt,1186934facb8c8f01e06e9c3efad3183d99009028ccd84233269c194de0762fc,23,45080,0,text,ok
data/raw/ranking/72012078/461946975.pdf,data/text/ranking/72012078/461946975.txt,b7483cd7fb7caa8d4911518f765fbd6d29dc7af5a5b3ebbab91b7f0473e04a0d,124,220103,0,text,ok
data/raw/ranking/72035284/461905680.pdf,data/text/ranking/72035284/461905680.txt,b02a7a6c9e2d7c92e9b1ba9b7a6dcc27ada5ac32ade9c9849a207c67733455f9,37,71738,0,text,ok
data/raw/ranking/72086875/463505581.pdf,data/text/ranking/72086875/463505581.txt,c0b6920c35056ca19287642b19a2f344edd395f8109ae35112420a1130b5941d,21,40962,0,text,ok
data/raw/ranking/72130479/464833743.pdf,data/text/ranking/72130479/464833743.txt,34d55c60d13fba77e7dd64be1c5d1ab7bc57568527b9763f2517b20761b84e5f,19,36798,0,text,ok
data/raw/ranking/72141043/465058518.pdf,data/text/ranking/72141043/465058518.txt,cc2960b5ce2bede047188778507efc1411d23d9309250e8363624c4b8db9a73d,63,134659,0,text,ok
data/raw/ranking/72141043/465071886.pdf,data/text/ranking/72141043/465071886.txt,8598d66dfa0539883fa4ba43be865fd75b5a93a242cef9ef1b8575ae3e09228e,14,25267,0,text,ok
data/raw/ranking/72190554/466515407.pdf,data/text/ranking/72190554/466515407.txt,81ff6b5555232c743ac174436dfba16e033caec9bf4f19be8f98d4712c095548,58,120749,0,text,ok
data/raw/ranking/72217435/467188550.pdf,data/text/ranking/72217435/467188550.txt,f295c273131c0f6ddf13bcf2816e3e0b60305eb5e3a50043b52b5992317049c4,48,90402,0,text,ok
data/raw/ranking/72222161/467541206.pdf,data/text/ranking/72222161/467541206.txt,2b49752d6f566bdd93dd5f8fd6cc228e6cdfe3541b2a528fc65f74b7ecf2f600,48,92155,0,text,ok
data/raw/ranking/72222785/468394699.pdf,data/text/ranking/72222785/468394699.txt,2b49752d6f566bdd93dd5f8fd6cc228e6cdfe3541b2a528fc65f74b7ecf2f600,48,92155,0,text,ok
data/raw/ranking/72236458/467690614.pdf,data/text/ranking/72236458/467690614.txt,7fe5d4e42c32ef57f4dbd93f41ee9123e292ae7a24b4755f834ea89bc63683aa,27,53493,0,text,ok
data/raw/ranking/72247921/468079145.pdf,data/text/ranking/72247921/468079145.txt,459779dce991333754a19102f88e50ddd311d64ef5c52c5d9a1cd25717f15686,161,391464,0,text,ok
data/raw/ranking/72366159/470859751.pdf,data/text/ranking/72366159/470859751.txt,451f61504956322a9e2dde07a709f8962f0a141a1819dcf6cab14f0bd0e8e137,39,77934,0,text,ok
data/raw/ranking/72378332/471218787.pdf,data/text/ranking/72378332/471218787.txt,148e0000e3375bee117379fd35f1f4c52f0908121900bda8aeb95c4d52b57c70,55,114479,0,text,ok
data/raw/ranking/73166168/475721953.pdf,data/text/ranking/73166168/475721953.txt,e11a6ce69bddd34dc98c5f476a1bba4ca11c003d04b3e6e1f8b275be56ff0142,8,14100,0,text,ok
data/raw/ranking/73251555/477262536.pdf,data/text/ranking/73251555/477262536.txt,a8027f49efdebf4546cb3a144a6ca781c70694768afa78f754ca2980f3f4688b,21,47582,0,text,ok
data/raw/ranking/73322689/478823688.pdf,data/text/ranking/73322689/478823688.txt,d561414070580a3dae34257886a82cb2f9cf376ebc3521e126984e304cafad1a,20,39832,0,text,ok
data/raw/ranking/73354028/479663125.pdf,data/text/ranking/73354028/479663125.txt,e5700d836d5273e9c93e9aed3d2ea7b4621c0bb286e206404ecb6031056be67c,92,197758,0,text,ok
data/raw/ranking/73410103/481381087.pdf,data/text/ranking/73410103/481381087.txt,fc1d6d343a4b4317c729da0e63620c1f6fc432181f69186367fb433bf3cb4f79,38,76873,0,text,ok
data/raw/ranking/73443160/482652366.pdf,data/text/ranking/73443160/482652366.txt,165b1ec7713a80141cfc4c05bb61e8157b34afc9fbf0a94965e9eb4a005fd143,15,29871,0,text,ok
data/raw/ranking/73444275/483924045.pdf,data/text/ranking/73444275/483924045.txt,e2045618052b28f795297dda9d873cafd8b23e20a3452ad64beac4fd28a3620f,23,47523,0,text,ok
data/raw/ranking/73450943/481831405.pdf,data/text/ranking/73450943/481831405.txt,1ff4ba0e9e24364620789ec710fe767043075b3a2ffabaf10e27eeb911e4ca0e,41,83297,0,text,ok
data/raw/ranking/73556804/484708358.pdf,data/text/ranking/73556804/484708358.txt,b439f97bd21d7d49fbc56aeee5a40df14d3c885bf022507d58bee1ad1e8bceef,272,772651,0,text,ok
data/raw/ranking/73556804/484793575.pdf,data/text/ranking/73556804/484793575.txt,c39480f3cf35de780f1bdfecc3096b1de6ff00086a7d2be8620736cb6c5278a6,15,28499,0,text,ok
data/raw/ranking/73638662/486771629.pdf,data/text/ranking/73638662/486771629.txt,b7a5eae3ffce3b90637da781270284b8745e045de7d02089521a22db175e51c8,37,71277,0,text,ok
data/raw/ranking/73673073/487612151.pdf,data/text/ranking/73673073/487612151.txt,2447f4ead2d291825dcdf97fea22d5b710dbb63c5842256d38c9fa6059ed8cbe,32,61365,0,text,ok
data/raw/ranking/73673083/487617502.pdf,data/text/ranking/73673083/487617502.txt,0c58ec2b172edb8adf05ea86e0e6ea6eed24e0de91105c4f6d3430818b7f98a6,78,167006,0,text,ok
data/raw/ranking/73720148/488745825.pdf,data/text/ranking/73720148/488745825.txt,208bc00bef1eb4cb019fa56debfa17dfa22c61d281cf9d888a7c4de729ed1abd,18,31887,0,text,ok
data/raw/ranking/73739399/489279532.pdf,data/text/ranking/73739399/489279532.txt,2ca14725562a53927baa2e7987292578c793aee4690c5c6de110f63cf4f25b50,48,103452,0,text,ok
data/raw/ranking/74760119/492896948.pdf,data/text/ranking/74760119/492896948.txt,ee1b4a8ac55dc6dc89b12bd42af822b5cd393cb2a056ebcec5000d13ea44e3c1,18,38583,0,text,ok
data/raw/ranking/74760119/492898023.pdf,data/text/ranking/74760119/492898023.txt,afc71b6af70e3120d10bf946ed95f1e3022cada5b4e3881f281e012d915e8050,128,304245,0,text,ok
data/raw/ranking/74914772/496371209.pdf,data/text/ranking/74914772/496371209.txt,3a3617263d0e84e7df4e9f2918a895bf90a0930edf06bc9730e95b4d5cf58979,16,31721,0,text,ok
data/raw/ranking/74914777/496180462.pdf,data/text/ranking/74914777/496180462.txt,2155bbf8cbcd95d54b1923c57e46c0ba99309be2f3aa7b012cd92b3c4ae6f1d5,16,31721,0,text,ok
data/raw/txsb/69522295/439795037.pdf,data/text/txsb/69522295/439795037.txt,513c5f39b13cf2559f407feb4c78b43fb5c5cc628b7d856ae0aef40e13dd3d76,2,2431,0,text,ok
data/raw/txsb/69522295/440520781.pdf,data/text/txsb/69522295/440520781.txt,33183d284148709d27f8d1934658c24a601b414de918921c224cbd4282bfd9e0,7,17874,0,text,ok
data/raw/txsb/69522295/440520782.pdf,data/text/txsb/69522295/440520782.txt,409a5eb1de42323c3396ce6c57710e485e578e237d7a34f458f8158c912339a0,7,17745,0,text,ok
data/raw/txsb/69522295/440520783.pdf,data/text/txsb/69522295/440520783.txt,ce57d3cd6cfe2289786a37ed7c8c41bfbd57aab025e94f49e288e65fce7cd8f1,5,9173,0,text,ok
data/raw/txsb/69522295/440520784.pdf,data/text/txsb/69522295/440520784.txt,461418b7ebbdd8a6a89d53d09f2ddbfcb97c3080961107094c06f9e3049baf19,5,9497,0,text,ok
data/raw/txsb/69522295/440520785.pdf,data/text/txsb/69522295/440520785.txt,a21ceb50c8aca6bebf1bfbd5d61017bf50378f87ba572e0d73dfb0540235c9bd,9,25672,0,text,ok
data/raw/txsb/69522295/440520786.pdf,data/text/txsb/69522295/440520786.txt,4718378772c9f7e3e15a3d4f2d7a3fbb7c7388228b98425fe44071cf2d7c8dcd,1,3441,0,text,ok
data/raw/txsb/69522295/440520787.pdf,data/text/txsb/69522295/440520787.txt,ad79c32bf863952d2563db42000a6e093f6ed6d3976eea1a6ed88c46723afffd,7,12755,0,text,ok
data/raw/txsb/69522295/444849952.pdf,data/text/txsb/69522295/444849952.txt,179ceed1002b6fd6107fc12b77f8d53e1c1bd172901ee249a3459b6c39b9871a,3,4851,0,text,ok
data/raw/txsb/69522295/445404581.pdf,data/text/txsb/69522295/445404581.txt,3c3e760d5e6f2aabbc3854eec31931588882664d8b8509925dc944156ff333b4,4,6798,0,text,ok
data/raw/txsb/71884150/459560167.pdf,data/text/txsb/71884150/459560167.txt,0709ab1efde1d32aad0262ace420369f91da0c6d03a8ac15b206b6211761df20,12,21981,0,text,ok
data/raw/txsb/71884150/461049708.pdf,data/text/txsb/71884150/461049708.txt,0fe0edfa0d5d62f0c9d7b9981326019730f27f0ebab71050ddf72e71672edef3,66,148258,0,text,ok
data/raw/txsb/71884150/461049710.pdf,data/text/txsb/71884150/461049710.txt,59ee896b6bba977d29bcd12eeaa8a2f50b09bd09ab60ddc22a9b91be948be522,5,6656,0,text,ok
data/raw/txsb/71884150/461049712.pdf,data/text/txsb/71884150/461049712.txt,7a231edf5dbebf0cdae58aa4b7331a993ac7977bd4fda58e01cb35cc51e73687,4,6216,0,text,ok
