docket_id,recap_doc_id,document_number,funded_debt_musd,description,snippet,is_available,page_count,filepath_local,doc_url
70937321,447248424,16,,"Declaration re: Declaration of Andrew Hinkelman in Support of Chapter 11 Petitions and Private Sale Motion (Filed By Desktop Metal, Inc. ).(Related document(s):13 Emergency Motion) (Wallen, Benjamin) ",that is a guarantor under the Debtors’ secured funded debt (as discussed below). The Company entities incorporated,True,27,recap/gov.uscourts.txsb.484911/gov.uscourts.txsb.484911.16.0.pdf,https://www.courtlistener.com/docket/70937321/16/desktop-metal-inc/
71705830,456095153,3,,"Declaration re: Declaration of Thiago da Costa Silva in Support of Chapter 11 Petition (Filed By Ambipar Emergency Response ). (Brookner, Jason) (Entered: 10/20/2025)",room to begin discussions with holders of its funded debt,True,11,recap/gov.uscourts.txsb.487950/gov.uscourts.txsb.487950.3.0_1.pdf,https://www.courtlistener.com/docket/71705830/3/ambipar-emergency-response/
69545727,427170052,5,,"Affidavit/Declaration in Support of First Day Motion (Declaration of Michael Prendergast, Interim Chief Executive Officer, in Support of Chapter 11 Petitions and First Day Motions). Filed By JOANN Inc","that impaired JOANN’s ability to service its funded debt. Ultimately, with the support of its lenders",True,53,recap/gov.uscourts.deb.195265/gov.uscourts.deb.195265.5.0.pdf,https://www.courtlistener.com/docket/69545727/5/joann-inc/
72217435,467188550,4,,"Declaration re: - Declaration of Guy Sirkes in Support of Chapter 11 Petitions and First Day Motions (Filed By Nine Energy Service, Inc. ).(Related document(s):1 Voluntary Petition (Chapter 11), 2 Eme",in total funded debt obligations. The relative amounts and priorities of each funded debt obligation,True,48,recap/gov.uscourts.txsb.491732/gov.uscourts.txsb.491732.4.0.pdf,https://www.courtlistener.com/docket/72217435/4/nine-energy-service-inc/
72141043,465071886,37,20.0,"Declaration re: Declaration of Andrew D.J. Hede in Support of SO5 Digital Debtors' Chapter 11 Petitions and First Day Pleadings (Filed By Luxury Outlets USA, LLC, Saks OFF 5TH Holdings LLC, Saks OFF 5",have approximately $20 million in prepetition funded debt obligations consisting of approximately $20,True,14,recap/gov.uscourts.txsb.491023/gov.uscourts.txsb.491023.37.0.pdf,https://www.courtlistener.com/docket/72141043/37/saks-global-enterprises-llc-and-luxury-outlets-usa-llc/
73410103,481381087,19,,"Declaration re: \ Declaration of Edward Manning, Restructuring Advisor to the Debtors, in Support of the Chapter 11 Petitions and First Day Relief (Filed By GOLDENPEAKS POLAND HOLDING LIMITED ).(Relat","billion of construction period funded debt and long-term funded debt, primarily at Debtor-controlled",True,38,recap/gov.uscourts.txsb.496068/gov.uscourts.txsb.496068.19.0.pdf,https://www.courtlistener.com/docket/73410103/19/goldenpeaks-poland-holding-limited/
72366159,470859751,15,,Declaration re: Declaration of Francisco J. Lopez-Balboa in Support of Chapter 11 Petitions and First Day Motions (Filed By Cumulus Media Inc. ). (Attachments: # 1 Exhibit A # 2 Exhibit B # 3 Exhibit ,"liquidity, and the need to address upcoming funded debt obligations and an unsustainable capital structure",True,39,recap/gov.uscourts.txsb.492893/gov.uscourts.txsb.492893.15.0.pdf,https://www.courtlistener.com/docket/72366159/15/cumulus-media-inc/
70491405,442041142,17,8900.0,"Declaration re: Declaration of Paul Mathews, President and Chief Executive Officer of Sunnova Energy International Inc., in Support of Debtors' Chapter 11 Petitions (Filed By Sunnova Energy Internatio","$8.9 billion in funded debt obligations, comprising $2.0 billion of Debtor funded debt obligations and",True,45,recap/gov.uscourts.txsb.483342/gov.uscourts.txsb.483342.17.0.pdf,https://www.courtlistener.com/docket/70491405/17/sunnova-energy-international-inc-and-alter-domus-us-llc-in-its-capacity/
73322689,478823688,5,,"Affidavit/Declaration in Support of First Day Motion // Declaration of Jesse York in Support of Chapter 11 Petitions and First Day Relief Filed By Spanish Broadcasting System, Inc. (Attachments: # 1 E","support of the requisite majorities of their funded debt holders, the Debtors are fully confident that",True,20,recap/gov.uscourts.deb.201204/gov.uscourts.deb.201204.5.0.pdf,https://www.courtlistener.com/docket/73322689/5/spanish-broadcasting-system-inc/
73673083,487617502,18,,"Declaration re: / Declaration of John R. Castellano, Chief Restructuring Officer of Republic National Distributing Company, LLC and its Debtor Affiliates, in Support of the Debtors' Chapter 11 Petitio","transactions by May 31, 2026, (b) repaying outstanding funded debt obligations with the sale proceeds, and (c)",True,78,recap/gov.uscourts.txsb.498599/gov.uscourts.txsb.498599.18.0.pdf,https://www.courtlistener.com/docket/73673083/18/republic-national-distributing-company-llc/
70568234,443065651,15,,"Declaration re: /Declaration of Jonathan McCarthy in Support of First Day Motions filed by Debtor Higher Ground Education, Inc. (RE: related document(s)2 Motion for joint administration of cases 25-80",CAPITAL STRUCTURE A. Funded Debt Structure 23. Prior to the Petition,True,76,recap/gov.uscourts.txnb.529057/gov.uscourts.txnb.529057.15.0.pdf,https://www.courtlistener.com/docket/70568234/15/higher-ground-education-inc/
63248808,198645725,17,2016338711000.0,"Declaration re: Declaration of Timothy Evans, Chief Financial Officer of GWG Holdings, Inc., in Support of the Debtors' Chapter 11 Petitions and First Day Motions (Filed By GWG Holdings, Inc. ).(Relat","included approximately $2,016,338,711 billion in funded debt, as summarized below: Indebtedness",True,49,recap/gov.uscourts.txsb.455856/gov.uscourts.txsb.455856.17.0_1.pdf,https://www.courtlistener.com/docket/63248808/17/gwg-holdings-inc-and-gwg-dlp-funding-holdings-vi-llc/
70619299,443927327,36,,"Affidavit/Declaration in Support of First Day Motion (Declaration of Michael Suhajda, Chief Financial Officer, in Support of Chapter 11 Petitions and First Day Pleadings) Filed By Zen JV, LLC (Shapiro",Prepetition Debt 22. The Debtors’ funded debt is separated between their CareerBuilder and,True,20,recap/gov.uscourts.deb.197516/gov.uscourts.deb.197516.36.0.pdf,https://www.courtlistener.com/docket/70619299/36/zen-jv-llc/
73251555,477262536,13,,"Declaration re: (Declaration of Edward Houlihan, Vice President of the Debtor, in Support of Chapter 11 Petition and First Day Pleadings) (Filed By Miyoshi America, Inc. ). (Kelley, Charles) (Entered:",million. 24. Miyoshi’s sole source of funded debt is its Prepetition Loan (as defined below) with,True,21,recap/gov.uscourts.txsb.494843/gov.uscourts.txsb.494843.13.0.pdf,https://www.courtlistener.com/docket/73251555/13/miyoshi-america-inc/
72222161,467541206,33,,"Declaration re: // Declaration of M. Benjamin Jones in Support of Chapter 11 Petitions and First Day Pleadings filed by Debtor Inspired Healthcare Capital Holdings, LLC (RE: related document(s)2 Notic","payment of debt service, for those DSTs with funded debt, the DSTs allocated share of corporate overhead",True,48,recap/gov.uscourts.txnb.538400/gov.uscourts.txnb.538400.33.0.pdf,https://www.courtlistener.com/docket/72222161/33/inspired-healthcare-capital-holdings-llc/
72222785,468394699,33,,"Declaration re: // Declaration of M. Benjamin Jones in Support of Chapter 11 Petitions and First Day Pleadings filed by Debtor Inspired Healthcare Capital Holdings, LLC (RE: related document(s)2 Notic","payment of debt service, for those DSTs with funded debt, the DSTs allocated share of corporate overhead",True,48,recap/gov.uscourts.txnb.538526/gov.uscourts.txnb.538526.33.0.pdf,https://www.courtlistener.com/docket/72222785/33/inspired-healthcare-capital-holdings-llc/
72378332,471218787,5,17.3,"Declaration re: /Declaration of Patrick D. Killian in Support of Chapter 11 Petitions and First Day Pleadings (Filed By Viridis Chemical, LLC ). (Struble, Matthew) (Entered: 03/08/2026)","As of the Petition Date, the Debtors’ funded debt liabilities total approximately $17.3 million",True,55,recap/gov.uscourts.txsb.492995/gov.uscourts.txsb.492995.5.0.pdf,https://www.courtlistener.com/docket/72378332/5/viridis-chemical-llc/
69651079,430647524,18,97.7,"Affidavit/Declaration in Support of First Day Motion // Declaration of Stephen J. Girsky in Support of Chapter 11 Petitions and First Day Motions Filed By Nikola Corporation (Kotsiras, Maria) (Entered",Debtors have approximately $97.7 million in total funded debt and finance lease obligations (excluding accrued,True,32,recap/gov.uscourts.deb.195826/gov.uscourts.deb.195826.18.0.pdf,https://www.courtlistener.com/docket/69651079/18/nikola-corporation/
69860865,440306526,216,,"Declaration in Support // Declaration of Michael Ragano in Support of Debtors' Motion for Entry of an Order (I) Approving the Sale of the Debtors' Assets Free and Clear of Claims, Liens, and Encumbran","11. Despite the Debtors’ significant funded debt, I believe that the chapter 11 cases and the",True,8,recap/gov.uscourts.deb.196437/gov.uscourts.deb.196437.216.0.pdf,https://www.courtlistener.com/docket/69860865/216/royal-interco-llc/
69700734,431975971,35,,"Notice of Filing of First Day Hearing Presentation. Filed by DocuData Solutions, L.C. (Davidson, Timothy) (Entered: 03/04/2025)","investments are extremely costly.  Significant Funded Debt: To fund their growth strategy, the Debtors",True,18,recap/gov.uscourts.txsb.480218/gov.uscourts.txsb.480218.35.0.pdf,https://www.courtlistener.com/docket/69700734/35/docudata-solutions-lc/
69700734,431975971,35,,"Notice of Filing of First Day Hearing Presentation. Filed by DocuData Solutions, L.C. (Davidson, Timothy) (Entered: 03/04/2025)","investments are extremely costly.  Significant Funded Debt: To fund their growth strategy, the Debtors",True,18,recap/gov.uscourts.txsb.480218/gov.uscourts.txsb.480218.35.0.pdf,https://www.courtlistener.com/docket/69700734/35/docudata-solutions-lc/
73166168,475721953,15,,"Declaration re: Declaration in Support of First Day Pleadings filed by Debtor GEV IO, LLC (RE: related document(s)1 Voluntary petition (chapter 11)). (Janak, Taylre)",security interest. The Debtors have no other funded debt. 8. The Debtors do have a number,True,8,recap/gov.uscourts.txnb.541113/gov.uscourts.txnb.541113.15.0.pdf,https://www.courtlistener.com/docket/73166168/15/gev-io-llc/
73638662,486771629,11,160.0,"Declaration re: Peter Kravitz in Support of the Debtors Chapter 11 Petitions and First Day Pleadings (Filed By Alea Holdings US Company ).(Related document(s):1 Voluntary Petition (Chapter 11), 2 Moti",Capital Structure 18. The Debtors’ funded debt obligations consist of a $160 million secured,True,37,recap/gov.uscourts.txsb.498070/gov.uscourts.txsb.498070.11.0.pdf,https://www.courtlistener.com/docket/73638662/11/alea-holdings-us-company/
70335865,440751875,10,1100.0,"Declaration of Ephraim Diamond Pursuant to Local Bankruptcy Rule 1007-2 in Support of Debtors Chapter 11 Petitions and First Day Relief filed by Gary Holtzer on behalf of Broadway Realty I Co., LLC. (",has approximately $1.1 billion of outstanding funded debt obligations comprised of (i) two series of Israeli-issued,True,37,recap/gov.uscourts.nysb.329376/gov.uscourts.nysb.329376.10.0.pdf,https://www.courtlistener.com/docket/70335865/10/broadway-realty-i-co-llc/
69719365,432566590,18,,"Declaration re: Declaration of Janine Yetter In Support of Chapter 11 Petitions and First Day Motions (Filed By MLN US HoldCo LLC ). (Attachments: # 1 Exhibit A # 2 Exhibit B # 3 Exhibit C) (Higgins, ",billion. The following table summarizes the funded debt obligations as of the Petition Date (which,True,47,recap/gov.uscourts.txsb.480415/gov.uscourts.txsb.480415.18.0.pdf,https://www.courtlistener.com/docket/69719365/18/mln-us-holdco-llc/
71160429,449765164,14,300.0,"Declaration re: Declaration of Chad J. Shandler in Support of Debtors' Chapter 11 Petitions and First Day Relief (Filed By ModivCare Inc. ). (Davidson, Timothy) (Entered: 08/20/2025)",4 billion in total funded debt to approximately $300 million in total funded debt upon emergence. It,True,225,recap/gov.uscourts.txsb.485766/gov.uscourts.txsb.485766.14.0_1.pdf,https://www.courtlistener.com/docket/71160429/14/modivcare-inc/
71884150,458050473,19,,"Declaration re: / Declaration of Ray Shem, President and Chief Financial Officer of the Debtors, in Support of the Chapter 11 Petitions and First-Day Relief (Filed By Pine Gate Renewables, LLC ). (Dav","billion of construction period funded debt and permanent funded debt, primarily at non- Debtor project",True,37,recap/gov.uscourts.txsb.488722/gov.uscourts.txsb.488722.19.0.pdf,https://www.courtlistener.com/docket/71884150/19/pine-gate-renewables-llc/
71012535,447926245,14,,"Declaration of Stephen Golmont in Support of Debtors' Motion for Entry of Interim and Final Orders, Pursuant to Sections 105, 361, 362, 363, 364, 503 and 507 of the Bankruptcy Code, (I) Authorizing th","Filed 08/04/25 Page 6 of 8 funded debt obligations, (ii) potential priming disputes",True,8,recap/gov.uscourts.deb.198542/gov.uscourts.deb.198542.14.0.pdf,https://www.courtlistener.com/docket/71012535/14/agdp-holding-inc/
69826539,434971481,19,,"Declaration re: /Declaration of Keith Maib, Chief Restructuring Officer of the Debtors, in Support of the Debtors' Chapter 11 Petitions and First Day Motions filed by Debtor Hooters of America, LLC (R",The following table summarizes the Debtors’ funded debt obligations as of the Petition Date.,True,27,recap/gov.uscourts.txnb.526530/gov.uscourts.txnb.526530.19.0.pdf,https://www.courtlistener.com/docket/69826539/19/hooters-of-america-llc/
68074855,380347392,16,,Declaration of Abraham T. Han in Support of Debtors' Motion for Entry of Interim and Final Orders (I) Authorizing the Debtors to Obtain Postpetition Senior Secured Financing and the Use of Cash Collat,"their assets, and to address their unsustainable funded debt obligations in a manner that maximizes value",True,11,recap/gov.uscourts.deb.191691/gov.uscourts.deb.191691.16.0.pdf,https://www.courtlistener.com/docket/68074855/16/near-intelligence-inc/
69545727,430234311,410,,Motion for Leave (Motion of Debtors for Leave to File Late Reply in Support of Debtors' Bidding Procedures Motion) (related document(s)17) Filed by JOANN Inc.. Hearing scheduled for 2/14/2025 at 09:30,"similar consultation party rights to the debtors’ funded debt lenders, one of which was an affiliate of the",True,24,recap/gov.uscourts.deb.195265/gov.uscourts.deb.195265.410.2.pdf,https://www.courtlistener.com/docket/69545727/410/2/joann-inc/
69744209,433479076,25,178.0,"Declaration in Support // Declaration of Craig R. Jalbert in Support of Chapter 11 Petitions and First Day Pleadings Filed by Brightmark Plastics Renewal LLC. (Ryan, Jeremy) (Entered: 03/17/2025)",Debtors have approximately $178 million in total funded debt. The following table depicts the Debtors’ prepetition,True,24,recap/gov.uscourts.deb.196147/gov.uscourts.deb.196147.25.0.pdf,https://www.courtlistener.com/docket/69744209/25/brightmark-plastics-renewal-llc/
73450943,481831405,4,,"Affidavit/Declaration in Support of First Day Motion Declaration of Vijay Kotte, Chief Executive Officer of GoHealth, Inc., in Support of Chapter 11 Petitions, First Day Motions, and Access to Cash Co",interest rate more than doubling while its overall funded debt balance significantly increased. 6.,True,41,recap/gov.uscourts.deb.201581/gov.uscourts.deb.201581.4.0_1.pdf,https://www.courtlistener.com/docket/73450943/4/gohealth-inc/
69744198,433342618,2,,"Affidavit/Declaration in Support of First Day Motion - Declaration of Stephen Coulombe in Support of Chapter 11 Petitions and First Day Pleadings Filed By F21 OpCo, LLC (Magaziner, Andrew) (Entered: 0",following table summarizes the Debtors’ outstanding funded-debt obligations as of the Petition Date:,True,51,recap/gov.uscourts.deb.196144/gov.uscourts.deb.196144.2.0.pdf,https://www.courtlistener.com/docket/69744198/2/f21-opco-llc/
69700734,431945213,6,1315.0,"Declaration re: Declaration of Randall S. Eisenberg in Support of Chapter 11 Petitions and First Day Motions (Filed By DocuData Solutions, L.C. ). (Davidson, Timothy) (Entered: 03/03/2025)",approximately $1.315 billion of secured and unsecured funded debt obligations.,True,47,recap/gov.uscourts.txsb.480218/gov.uscourts.txsb.480218.6.0.pdf,https://www.courtlistener.com/docket/69700734/6/docudata-solutions-lc/
71133061,449957473,69,,"Transcript RE: First-Day Motions Hearing held on 8/19/25 before Judge Christopher M. Lopez. Transcript is available for viewing in the Clerk's Office. Within 21 days, parties are advised to comply wit","especially the cost of carrying all of the funded debt, has ACCESS TRANSCRIPTS, LLC",True,50,recap/gov.uscourts.txsb.485682/gov.uscourts.txsb.485682.69.0.pdf,https://www.courtlistener.com/docket/71133061/69/aleon-metals-llc/
71012535,447926246,13,1.5,"Affidavit/Declaration in Support of First Day Motion // Declaration of Gary Richards in Support of Chapter 11 Petitions and First Day Pleadings Filed By AGDP Holding Inc. (Faris, S. Alexander) (Entere","secured funded debt obligations and approximately $1,500,000 in unsecured funded debt obligations",True,44,recap/gov.uscourts.deb.198542/gov.uscourts.deb.198542.13.0.pdf,https://www.courtlistener.com/docket/71012535/13/agdp-holding-inc/
73556804,484793575,63,,"Objection / Crown Castle's Objection and Reservation of Rights with Respect to the DISH Wireless Debtors' Requested First Day Relief (related document(s):15 Emergency Motion (with hearing date), 16 Em","those infrastructure providers, not the Debtors’ funded-debt lenders, Case 26-90627 Document 63 Filed",True,15,recap/gov.uscourts.txsb.497254/gov.uscourts.txsb.497254.63.0.pdf,https://www.courtlistener.com/docket/73556804/63/dish-dbs-corporation/
73443160,482652366,62,,"Document re: / Declaration of Assaf Ravid, Chief Restructuring Officer of the SIMAD Debtors, in Support of the Debtors' Chapter 11 Petitions and First Day Motions (related document:1 Voluntary Petitio",SIMAD Debtors would not be able to satisfy their funded debt obligations without a chapter 11 filing and,True,15,recap/gov.uscourts.njb.1143021/gov.uscourts.njb.1143021.62.0_1.pdf,https://www.courtlistener.com/docket/73443160/62/simad-holdings-ltd/
73673073,487612151,10,,"Affidavit/Declaration in Support of First Day Motion - Declaration of David Hindman, as Chief Executive Officer of Omnis Pleasants, LLC d/b/a Pleasants Power Station, in Support of Chapter 11 Petition","39. As of the Petition Date, the Debtor’s funded debt and guarantee obligations totaled approximately",True,32,recap/gov.uscourts.deb.202016/gov.uscourts.deb.202016.10.0_1.pdf,https://www.courtlistener.com/docket/73673073/10/omnis-pleasants-llc/
71035961,448236318,27,1900.0,"Affidavit/Declaration in Support of First Day Motion (Declaration of Chris Cramer, Chief Executive Officer, Chief Operating Officer, and Chief Financial Officer of Claire's Holdings LLC and Certain of","balance sheet that eliminated $1.9 billion of funded debt, a right-sized lease portfolio commensurate",True,45,recap/gov.uscourts.deb.198602/gov.uscourts.deb.198602.27.0_1.pdf,https://www.courtlistener.com/docket/71035961/27/claires-holdings-llc/
68074855,380344079,14,,"Affidavit/Declaration in Support of First Day Motion - Declaration of John Faieta in Support of Chapter 11 Petitions and First Day Pleadings Filed By Near Intelligence, Inc. (Reil, Shane) (Entered: 12",of 38 B. Prepetition Funded Debt Obligations 24. As of the,True,38,recap/gov.uscourts.deb.191691/gov.uscourts.deb.191691.14.0.pdf,https://www.courtlistener.com/docket/68074855/14/near-intelligence-inc/
72035284,461905680,19,,"Affidavit/Declaration in Support of First Day Motion // Declaration of Karian Wong in Support of Chapter 11 Petitions and First Day Motions Filed By iRobot Corporation (Borovinskaya, Shella) (Entered:",all First Lien Term Loans – the only secured funded debt against the Company – in addition to substantial,True,37,recap/gov.uscourts.deb.200017/gov.uscourts.deb.200017.19.0.pdf,https://www.courtlistener.com/docket/72035284/19/irobot-corporation/
71830416,457421136,26,,"Declaration re: / Declaration of John R. Castellano in Support of Debtors' Chapter 11 Petitions and First Day Relief (Filed By Office Properties Income Trust ). (Davidson, Timothy) (Entered: 10/31/202",runway. The Company has a substantial amount of funded debt and does not have sufficient liquidity to service,True,159,recap/gov.uscourts.txsb.488303/gov.uscourts.txsb.488303.26.0.pdf,https://www.courtlistener.com/docket/71830416/26/office-properties-income-trust/
74914777,496180462,22,42.1,"Declaration re: Nathan Cook in Support of Chapter 11 Petitions and First Day Pleadings (Filed By FRC Balance, LLC ).(Related document(s):1 Voluntary Petition (Chapter 11)) (Attachments: # 1 Exhibit A ","of the Petition Date, the Debtors’ material funded debt obligations total approximately $42.1 million",True,16,recap/gov.uscourts.txsb.501409/gov.uscourts.txsb.501409.22.0.pdf,https://www.courtlistener.com/docket/74914777/22/frc-balance-llc/
70315194,440710933,44,,"Document re: Declaration of Matthew Dundon, Principal of IslandDundon LLC, in Support of Debtors' Chapter 11 Petitions and First Day Pleadings filed by Andrew Zatz on behalf of CBRM Realty Inc.. (Atta","lien on all of the NOLA Debtors’ prepetition funded debt creditors, the approval of which would have",True,15,recap/gov.uscourts.njb.1126565/gov.uscourts.njb.1126565.44.0.pdf,https://www.courtlistener.com/docket/70315194/44/cbrm-realty-inc/
73720148,488745825,16,,"Declaration re: (Declaration of Francis P. Gallagher in Support of Chapter 11 Petitions and First Day Pleadings) (Filed By And Go Concepts, LLC ). (Alaniz, Omar) (Entered: 08/05/2026)",secured indebtedness. The Debtors’ material funded debt obligations are isolated to specific special-purpose,True,18,recap/gov.uscourts.txsb.499184/gov.uscourts.txsb.499184.16.0.pdf,https://www.courtlistener.com/docket/73720148/16/and-go-concepts-llc/
74914772,496371209,22,42.1,"Declaration re: Nathan Cook in Support of Chapter 11 Petitions and First Day Pleadings (Filed By FRC Balance, LLC ).(Related document(s):1 Voluntary Petition (Chapter 11)) (Attachments: # 1 Exhibit A ","of the Petition Date, the Debtors’ material funded debt obligations total approximately $42.1 million",True,16,recap/gov.uscourts.txsb.501407/gov.uscourts.txsb.501407.22.0_2.pdf,https://www.courtlistener.com/docket/74914772/22/frc-balance-llc/
71314102,451924930,4,0.821588,"Affidavit/Declaration in Support of First Day Motion Declaration of Ron Thayer in Support of First Day Motions Filed By US Magnesium LLC (Busenkell, Michael) (Entered: 09/10/2025)","Letter of Credit limit of $821,588, in total funded debt obligations under the Prepetition Credit Agreement",True,37,recap/gov.uscourts.deb.199340/gov.uscourts.deb.199340.4.0.pdf,https://www.courtlistener.com/docket/71314102/4/us-magnesium-llc/
70491405,442070875,25,,"Declaration re: Declaration of Ryan Omohundro, Chief Restructuring Officer of Sunnova Energy International Inc., in Support of Debtors' First Day Motions (Filed By Sunnova Energy International Inc. ).","Sunnova’s ongoing operations, proceeds from funded-debt borrowings, capital contributions from Sunnova’s",True,37,recap/gov.uscourts.txsb.483342/gov.uscourts.txsb.483342.25.0.pdf,https://www.courtlistener.com/docket/70491405/25/sunnova-energy-international-inc/
72130479,464833743,20,1100.0,"Declaration of Thomas Higbie in Support of Debtors' Motion for Entry of Interim and Final Orders (I) Authorizing the Debtors to Obtain Postpetition Financing, (II) Authorizing the Debtors to Use Cash ","behind the over $1.1 billion in prepetition funded debt, this support for the DIP Facility, including",True,19,recap/gov.uscourts.njb.1136642/gov.uscourts.njb.1136642.20.0.pdf,https://www.courtlistener.com/docket/72130479/20/stg-logistics-inc/
70168961,438711474,2,,"Affidavit/Declaration in Support of First Day Motion - Declaration of Felicia DellaFortuna in Support of Chapter 11 Petitions and First Day Pleadings Filed By WW International, Inc. (Morton, Edmon) (E","would require a significant reduction of its funded debt and interest expense, in August 2024, WW engaged",True,101,recap/gov.uscourts.deb.196969/gov.uscourts.deb.196969.2.0.pdf,https://www.courtlistener.com/docket/70168961/2/ww-international-inc/
72190554,466515407,15,1450.0,"Declaration re: / Declaration of John C. DiDonato in Support of Debtors' Chapter 11 Petitions and First Day Relief (Filed By FAT Brands Inc. ). (Davidson, Timothy) (Entered: 01/27/2026)","Petition Date, approximately $1.45 billion of funded debt obligations remain outstanding, including the",True,58,recap/gov.uscourts.txsb.491300/gov.uscourts.txsb.491300.15.0.pdf,https://www.courtlistener.com/docket/72190554/15/fat-brands-inc/
73444275,483924045,157,,"Document re: Declaration of Perry Mandarino, Chief Restructuring Officer of the DAMIS Debtors, in Support of Chapter 11 Petitions and First Day Motions filed by Michael P. Pompeo on behalf of DAMIS Ho",that they would be unable to satisfy their funded-debt obligations and avoid extensive operational,True,23,recap/gov.uscourts.njb.1143072/gov.uscourts.njb.1143072.157.0.pdf,https://www.courtlistener.com/docket/73444275/157/damis-holdings-llc/
72086875,463505581,2,1.916,"Affidavit/Declaration in Support of First Day Motion Declaration of Erika Badan in Support of Chapter 11 Petition and First Day Motions Filed By Food52, Inc. (Nestor, Michael) (Entered: 12/29/2025)","As of the Petition Date, the Debtor’s secured funded debt obligations total approximately $1,916,000,",True,21,recap/gov.uscourts.deb.200118/gov.uscourts.deb.200118.2.0.pdf,https://www.courtlistener.com/docket/72086875/2/food52-inc/
72008069,461856657,16,,"Declaration re: Declaration of Tommy Magrath in Support of Debtor's Chapter 11 Petition and First Day Pleadings (Filed By Tedder Industries, LLC ).(Related document(s):3 Emergency Motion, 8 Emergency ","55 million in aggregate principal amount of funded debt obligations outstanding, consisting of the following:",True,23,recap/gov.uscourts.txsb.489846/gov.uscourts.txsb.489846.16.0.pdf,https://www.courtlistener.com/docket/72008069/16/tedder-industries-llc/
73354028,479663125,23,15.771,"Declaration re: /Declaration of Thomas Studebaker in Support of the Chapter 11 Cases and First Day Motions (Filed By Bitcoin Depot Inc. ). (Heath, Paul) (Entered: 05/18/2026)","As of the Petition Date, the Debtors’ funded debt liabilities total approximately $15,771,000",True,92,recap/gov.uscourts.txsb.495649/gov.uscourts.txsb.495649.23.0_2.pdf,https://www.courtlistener.com/docket/73354028/23/bitcoin-depot-inc/
70789573,445688650,18,,"Declaration re: Declaration of Jeff Seery in Support of Chapter 11 Petitions and First Day Relief (Filed By RunItOneTime LLC ). (Davidson, Timothy) (Entered: 07/14/2025)","strengthen its operations by addressing its funded debt, while providing their businesses with the best",True,110,recap/gov.uscourts.txsb.484302/gov.uscourts.txsb.484302.18.0_24.pdf,https://www.courtlistener.com/docket/70789573/18/runitonetime-llc/
74760119,492896948,23,,Declaration of Bradley A. Robins in Support of Debtors' Motion for Entry of Interim and Final Orders in support of (related document:22 Motion (Generic) filed by Debtor LIV Golf New Jersey LLC) filed ,"infusions from PIF and were not subject to any funded debt obligations. On April 30, 2026, PIF announced",True,18,recap/gov.uscourts.njb.1146983/gov.uscourts.njb.1146983.23.0.pdf,https://www.courtlistener.com/docket/74760119/23/liv-golf-new-jersey-llc/
72236458,467690614,4,,"Document re: Declaration Of Curt Kroll In Support Of First Day Motions filed by Vincent J. Roldan on behalf of Francesca's Acquisition LLC. (Roldan, Vincent) (Entered: 02/05/2026)","below, the Debtors’ outstanding prepetition funded-debt obligations relate to a financing arrangement",True,27,recap/gov.uscourts.njb.1137723/gov.uscourts.njb.1137723.4.0_1.pdf,https://www.courtlistener.com/docket/72236458/4/francescas-acquisition-llc/
71884150,458166630,50,,Declaration re: / Declaration of Tyler W. Cowan in Support of Debtors' Motions to Obtain (A) Postpetition Financing and (B) Approval of Bidding Procedures For Sale of Debtors' Assets (Filed By Pine Ga,general silos—each silo being subject to the funded debt provided by one of the three Prepetition Lenders,True,28,recap/gov.uscourts.txsb.488722/gov.uscourts.txsb.488722.50.0.pdf,https://www.courtlistener.com/docket/71884150/50/pine-gate-renewables-llc/
70242583,439216445,16,45.52494827,"Declaration of Cherie Parks, Chief Financial Officer, In Support of Debtor's Chapter 11 Petition and First Day Motions in support of (related document:1 Voluntary Petition (Chapter 11) filed by Debtor","bid therefore has a cash plus assumption of funded debt value of at least $45,524,948.27 (collectively",True,30,recap/gov.uscourts.njb.1126248/gov.uscourts.njb.1126248.16.0.pdf,https://www.courtlistener.com/docket/70242583/16/flagship-resort-development-corporation/
69744367,435248467,93,,Transcript regarding Hearing Held 03/18/2025 RE: First Day Motions. Remote electronic access to the transcript is restricted until 6/23/2025. The transcript may be viewed at the Bankruptcy Court Clerk,"entities. 10 There are two principal funded debt silos, what we 11 would commonly call the",True,77,recap/gov.uscourts.deb.196150/gov.uscourts.deb.196150.93.0.pdf,https://www.courtlistener.com/docket/69744367/93/village-roadshow-entertainment-group-usa-inc/
71160429,451347647,121,,"Transcript RE: FIRST DAY MOTIONS HEARING held on August 21, 2025 before Judge Alfredo Perez. Transcript is available for viewing in the Clerk's Office. Within 21 days, parties are advised to comply wi",who the actual obligated parties are the funded debt. 6 The only thing of note that,True,77,recap/gov.uscourts.txsb.485766/gov.uscourts.txsb.485766.121.0.pdf,https://www.courtlistener.com/docket/71160429/121/modivcare-inc/
72141043,465058518,17,,"Declaration re: of Mark Weinsten in Support of Chapter 11 Petitions and First Day Pleadings (Filed By Saks Global Enterprises LLC ). (Norfleet, Kelli) (Entered: 01/14/2026)",subsidiaries that are not guarantors on the Debtors’ funded debt. ALG licenses these brands from these non-Debtor,True,63,recap/gov.uscourts.txsb.491023/gov.uscourts.txsb.491023.17.0.pdf,https://www.courtlistener.com/docket/72141043/17/saks-global-enterprises-llc/
71133061,449360716,2,0.0004032,"Declaration re: Declaration of Roy Gallagher in Support of the Debtors' Chapter 11 Petitions and First Day Motions (Filed By Aleon Metals, LLC ). (Boland, Jason) (Entered: 08/17/2025)",$42.1 Total Funded Debt $403.2 5 To avoid,True,34,recap/gov.uscourts.txsb.485682/gov.uscourts.txsb.485682.2.0.pdf,https://www.courtlistener.com/docket/71133061/2/aleon-metals-llc/
72247921,468079145,35,,"Declaration of Stephen Coulombe, Co-Chief Restructuring Officer of Eddie Bauer LLC and Its Affiliates, in Support of Chapter 11 Petitions and First Day Motions in support of (related document:1 Volunt",provides commitments from all of the Debtors’ funded-debt creditors to support a plan of reorganization,True,161,recap/gov.uscourts.njb.1137835/gov.uscourts.njb.1137835.35.0.pdf,https://www.courtlistener.com/docket/72247921/35/eddie-bauer-llc/
71957177,459991503,12,,"Declaration re: / Declaration of Robert Del Genio in Support of Debtors' Petitions and Requests for First Day Relief (Filed By PosiGen, PBC ).(Related document(s):1 Voluntary Petition (Chapter 11), 2 ","PosiGen’s operations were funded by proceeds from funded debt borrowings, sales of the Solar Leases into the",True,67,recap/gov.uscourts.txsb.489344/gov.uscourts.txsb.489344.12.0.pdf,https://www.courtlistener.com/docket/71957177/12/posigen-pbc/
71717482,456337809,29,286.1,"Declaration re: Debtors' Chapter 11 Petitions and Requests for First Day Relief filed by Debtor PrimaLend Capital Partners, LP (RE: related document(s)4 Motion for joint administration of cases 25-900",Company’s capital structure consists of (i) funded debt liabilities totaling approximately $286.1 million,True,35,recap/gov.uscourts.txnb.533992/gov.uscourts.txnb.533992.29.0.pdf,https://www.courtlistener.com/docket/71717482/29/primalend-capital-partners-lp/
71830416,457522863,43,,"Objection - The 2027 Ad Hoc Group's Objection to the Debtors' First Day Motions (related document(s):21 Emergency Motion (with hearing date), 23 Emergency Motion (with hearing date), 32 Emergency Moti",transactions resulted in most of the Company’s funded debt obligations shifting from unsecured to secured,True,45,recap/gov.uscourts.txsb.488303/gov.uscourts.txsb.488303.43.0.pdf,https://www.courtlistener.com/docket/71830416/43/office-properties-income-trust/
70687309,444490286,19,,"Document re: Declaration of Jonathan Goulding, as Chief Restructuring Officer of the Debtors, in Support of Chapter 11 Petitions and First Day Motions filed by Michael D. Sirota on behalf of Del Monte","2023 Pack Season, and increased its existing funded debt facilities to provide the necessary liquidity",True,139,recap/gov.uscourts.njb.1128266/gov.uscourts.njb.1128266.19.0_3.pdf,https://www.courtlistener.com/docket/70687309/19/del-monte-foods-corporation-ii-inc/
73556804,484708358,19,,Declaration re: / Declaration of John Swieringa in Support of Chapter 11 Petitions and Requests for First Day Relief (Filed By DISH DBS Corporation ).(Related document(s):1 Voluntary Petition (Chapter,aggregate principal amount of the DBS Debtors’ funded debt represented by Milbank LLP and Lazard Frères,True,272,recap/gov.uscourts.txsb.497254/gov.uscourts.txsb.497254.19.0.pdf,https://www.courtlistener.com/docket/73556804/19/dish-dbs-corporation/
69898417,436541325,3,30.3,"Declaration re: Declaration of John Walsh, Managing Director of Alvarez & Marsal North America, LLC, in Support of the Debtors' First Day Motions (Filed By Global Clean Energy Holdings, Inc. ). (Bolan",$30.3 million Total as percentage of total funded debt: 1%,True,39,recap/gov.uscourts.txsb.481646/gov.uscourts.txsb.481646.3.0.pdf,https://www.courtlistener.com/docket/69898417/3/global-clean-energy-holdings-inc/
71417875,453132324,23,,"Declaration re: of Matthew Frank in Support of Chapter 11 Petitions and First Day Motions filed by Debtor Omnicare, LLC (RE: related document(s)1 Voluntary petition (chapter 11), 5 Notice of designati",material secured or unsecured pre- petition funded debt and have issued no outstanding bonds or similar,True,50,recap/gov.uscourts.txnb.532722/gov.uscourts.txnb.532722.23.0.pdf,https://www.courtlistener.com/docket/71417875/23/omnicare-llc/
73739399,489279532,14,2705.23360128,Declaration re: Declaration of Mark Shapiro in Support of Chapter 11 Petitions and First Day Motions filed by Debtor Signal National LLC (RE: related document(s)1 Voluntary petition (chapter 11)). (Br,"at least $2,705,233,601.28 in prepetition funded-debt obligations. The principal facilities are summarized",True,48,recap/gov.uscourts.txnb.545878/gov.uscourts.txnb.545878.14.0.pdf,https://www.courtlistener.com/docket/73739399/14/signal-national-llc/
70676726,444327216,5,,"Declaration re: | Declaration of Daniel Hugo in Support of Debtors' Chapter 11 Petitions and First Day Relief (Filed By Wolfspeed, Inc. ). (Davidson, Timothy) (Entered: 06/30/2025)",principal and interest amounts of the Debtors’ funded debt obligations as of the Petition Date is set forth,True,279,recap/gov.uscourts.txsb.483982/gov.uscourts.txsb.483982.5.0.pdf,https://www.courtlistener.com/docket/70676726/5/wolfspeed-inc/
74760119,492898023,27,,"Document re: Declaration of David Orlofsky, Chief Restructuring Officer of the Debtors, in Support of the Debtors' Chapter 11 Petitions and First Day Motions (related document:1 Voluntary Petition (Ch","Historically, LIV Golf was not subject to any funded debt obligations. Rather, the substantial majority",True,128,recap/gov.uscourts.njb.1146983/gov.uscourts.njb.1146983.27.0.pdf,https://www.courtlistener.com/docket/74760119/27/liv-golf-new-jersey-llc/
69704984,432077597,18,,"Notice of DECLARATION OF JONATHAN M. TIBUS IN SUPPORT OF CHAPTER 11 PETITIONS AND FIRST DAY PLEADINGS Filed by Jeff Dutson on behalf of OTB Holding LLC. (Dutson, Jeff)",vendors. The Debtors’ outstanding prepetition funded debt obligations are in the amount of approximately,True,70,recap/gov.uscourts.ganb.1270012/gov.uscourts.ganb.1270012.18.0.pdf,https://www.courtlistener.com/docket/69704984/18/otb-holding-llc-and-otb-acquisition-llc/
72012078,461946975,18,,"Affidavit/Declaration in Support of First Day Motion // Declaration of Dr. Seth L. Harrison in Support of Chapter 11 Petitions and First Day Motions Filed By Apple Tree Life Sciences, Inc. (Haywood, B",debt to the Partnership but otherwise has no funded debt. 45. In or around the fourth quarter,True,124,recap/gov.uscourts.deb.199991/gov.uscourts.deb.199991.18.0.pdf,https://www.courtlistener.com/docket/72012078/18/apple-tree-life-sciences-inc/
70746227,445251073,18,,"Declaration re: // Declaration of Louis E. Robichaux IV in Support of Chapter 11 Petitions and First Day Pleadings filed by Debtor Genesis Healthcare, Inc. (RE: related document(s)1 Voluntary petition",engaged with key holders of the Company’s funded debt to negotiate the terms of a comprehensive solution,True,81,recap/gov.uscourts.txnb.529877/gov.uscourts.txnb.529877.18.0_1.pdf,https://www.courtlistener.com/docket/70746227/18/genesis-healthcare-inc/
69517992,426145608,2,,"Affidavit/Declaration in Support of First Day Motion (Declaration of Douglas Smith, Chief Executive Officer of Ligado Networks LLC, in Support of Chapter 11 Petitions and First Day Pleadings) Filed By",% of Support for RSA Funded Debt Obligations Prepetition First Out,True,331,recap/gov.uscourts.deb.195197/gov.uscourts.deb.195197.2.0.pdf,https://www.courtlistener.com/docket/69517992/2/ligado-networks-llc/
