rank,funded_debt_musd,court_id,case_number,debtor,in_scope,measure,candidates,sentence,docket_id,recap_doc_id,text
1,11750.0,txsb,26-90627,") Chapter 11 ) DISH DBS CORPORATION, DISH WIRELESS L.L.C.",True,funded debt,12,"Transaction Overview Summary of Refinancing Transactions:2 The Refinancing Transactions address $11,750,000,000 of the Company Parties’ funded debt obligations.",73556804,484708358,data/text/ranking/73556804/484708358.txt
2,8900.0,deb,25-10006,) Chapter 11 ) LIGADO NETWORKS LLC,True,funded debt,3,"At the time of the issuance of the FCC Order in April 2020, the Debtors were faced with $8.9 billion of maturing funded debt obligations and the desire to make the Inmarsat 2020 Prepayment under the Cooperation Agreement.",69517992,426145608,data/text/ranking/69517992/426145608.txt
3,8900.0,txsb,25-90160,") Chapter 11 ) SUNNOVA ENERGY INTERNATIONAL INC., ) Case No. 25-90160 (ARP)",True,funded debt,16,"As of the Petition Date, the Company has approximately $8.9 billion in funded debt obligations, comprising $2.0 billion of Debtor funded debt obligations and $6.9 billion of non-Debtor funded debt obligations.",70491405,442041142,data/text/ranking/70491405/442041142.txt
4,6500.0,txsb,25-90163,"WOLFSPEED, INC.",True,funded debt,1,"As of the twelve month period ending March 2025, the Company’s funded debt is approximately $6.5 billion and adjusted EBITDA is negative,9 which the Debtors do not believe is sustainable over the long term.",70676726,444327216,data/text/ranking/70676726/444327216.txt
5,2705.2,txnb,26-90190,§ Chapter 11 § SIGNAL NATIONAL LLC,True,funded debt,1,"As of the Petition Date, the Debtors have at least $2,705,233,601.28 in prepetition funded-debt obligations.",73739399,489279532,data/text/ranking/73739399/489279532.txt
6,2000.0,txsb,25-90669,"PINE GATE RENEWABLES, LLC",True,funded debt,3,"As further described herein, the Company currently has approximately (a) $2 billion of construction period funded debt and permanent funded debt, primarily at non- Debtor project companies, (b) $1.4 billion of corporate-level funded debt, across various different facilities at various Debtor entities, and (c) $1 billion of outstanding preferred equity.",71884150,458050473,data/text/ranking/71884150/458050473.txt
7,1750.0,njb,26-11422,EDDIE BAUER LLC,True,funded debt,11,"As of the Petition Date, the Debtors are obligated on approximately $1.7 billion of aggregate outstanding principal and accrued interest for funded debt obligations, as reflected below: Prepetition Capital Structure (As of February 2026)5 Lead Lender Maturity Interest Rate Commitment Amount Outstanding ABL Facility Loans Wells Fargo September 19, 2030 SOFR + 2.50% $1,750,000,000 $728,477,563 Lette",72247921,468079145,data/text/ranking/72247921/468079145.txt
8,1582.0,deb,25-10469,"F21 OPCO, LLC",True,funded debt,4,The following table summarizes the Debtors’ outstanding funded-debt obligations as of the Petition Date: Funded Debt Maturity Approximate Outstanding Principal Amount as of the Petition Date ABL Facility December 2026 $1.085 billion Term Loan Facility December 2026 $321 million Subordinated Loan Facility May 2027 $176 million Total Funded Debt $1.582 billion (1) ABL Facility 34.,69744198,433342618,data/text/ranking/69744198/433342618.txt
9,1450.0,txsb,26-90126,FAT BRANDS INC.,True,funded debt,1,"As of the Petition Date, approximately $1.45 billion of funded debt obligations remain outstanding, including the Securitization Notes retained by the Debtors and non-WBS debt.",72190554,466515407,data/text/ranking/72190554/466515407.txt
10,1416.7,txsb,25-90309,MODIVCARE INC.,True,funded debt,10,"Facility Outstanding Principal Balance Maturity Rate Incremental Term Loan $78.8 million January 10, 2026 SOFR + 7.50% First Lien Revolving Credit Facility $270.7 million February 3, 2027 SOFR + 4.25% First Lien Term Loan B $522.2 million July 1, 2031 SOFR + 4.75% Second Lien Notes $316.2 million October 1, 2029 5.0% Cash (10% PIK Toggle) Total Secured Debt $1,187.9 million Unsecured Notes $228.8 ",71160429,449765164,data/text/ranking/71160429/449765164.txt
11,1315.0,txsb,25-90023,"DOCUDATA SOLUTIONS, L.C.",True,funded debt,2,"As set forth in the following table, as of the Petition Date, the Debtors have approximately $1.315 billion of secured and unsecured funded debt obligations.",69700734,431945213,data/text/ranking/69700734/431945213.txt
12,1310.0,txsb,25-90090,§ Chapter 11 § MLN US HOLDCO LLC.,True,funded debt,10,Principal Amount Outstanding (as of March 2025) Junior Loans Legacy Junior Term Loans November 2026 $108 million Total Secured Funded Debt $1.31 billion 1.,69719365,432566590,data/text/ranking/69719365/432566590.txt
13,1300.0,txsb,25-90530,OFFICE PROPERTIES INCOME TRUST.,True,principal or indebtedness,30,"(b)(i) $1.3 billion aggregate outstanding principal amount of senior secured notes, and (ii) $491.1 million aggregate outstanding principal amount of senior unsecured notes; and (c) $177.3 million aggregate outstanding principal amount of mortgage notes.",71830416,457421136,data/text/ranking/71830416/457421136.txt
14,1235.3,njb,25-16984,) Chapter 11 ) Del Monte Foods Corporation II Inc.,True,funded debt,10,"As of the Petition Date, the Debtors’ long-term, secured funded debt obligations totaled approximately $1.23 billion: Facility Maturity Outstanding Amount Prepetition ABL Facility Prepetition ABL 2027 $210,000,000 Letters of Credit Various $26,000,000 Super-Senior Credit Facility First Out Term Loan August 2028 $395,500,000.00 Second Out Term Loan August 2028 $468,800,000.00 Third Out Term Loan Au",70687309,444490286,data/text/ranking/70687309/444490286.txt
15,1100.0,nysb,25-11050,"Chapter 11 : BROADWAY REALTY I CO., LLC",True,funded debt,4,"As of the Petition Date, the Company has approximately $1.1 billion of outstanding funded debt obligations comprised of (i) two series of Israeli-issued bonds, and (ii) property level mortgage debt. 10.",70335865,440751875,data/text/ranking/70335865/440751875.txt
16,1050.0,txsb,25-90524,AMBIPAR EMERGENCY RESPONSE,True,principal or indebtedness,6,"Although there is approximately $1.05 billion in aggregate outstanding principal amount on the Green Notes, the Debtor’s guarantee is limited to a maximum amount of approximately $328,180,000.",71705830,456095153,data/text/ranking/71705830/456095153.txt
17,1015.0,txsb,26-90564,GOLDENPEAKS POLAND HOLDING LIMITED,True,funded debt,2,"The Company currently has approximately (a) $1.015 billion of construction period funded debt and long-term funded debt, primarily at Debtor-controlled portfolio companies, and (b) $550 million of corporate-level funded debt. 3 A capitalized term used but not defined in this Preliminary Statement shall have the meaning ascribed to it below.",73410103,481381087,data/text/ranking/73410103/481381087.txt
18,772.0,deb,26-10914,") Chapter 11 ) GOHEALTH, INC.",True,funded debt,4,"As of the Petition Date, the Debtors have approximately $772 million in total funded debt obligations outstanding, including accrued and unpaid interest on the principal amount under each credit facility.",73450943,481831405,data/text/ranking/73450943/481831405.txt
19,697.1,txsb,26-90346,) Chapter 11 ) CUMULUS MEDIA INC.,True,funded debt,6,"As of the Petition Date, the Debtors have approximately $697.1 million in aggregate principal amount of funded debt obligations outstanding.",72366159,470859751,data/text/ranking/72366159/470859751.txt
20,690.8,deb,25-11454,) Chapter 11 ) CLAIRE’S HOLDINGS LLC,True,funded debt,1,"As of the Petition Date, the Debtors have approximately $690.8 million in principal amount of total funded debt obligations.",71035961,448236318,data/text/ranking/71035961/448236318.txt
21,615.7,deb,25-10068,) Chapter 11 ) JOANN INC.,True,funded debt,8,"As of the Petition Date, the Debtors have approximately $615.7 million in total funded debt obligations, consisting of the following outstanding principal amounts: (a) $352.4 million under the ABL Facility (consisting of Revolving Loans and issued Letters of Credit) (each as defined below), (b) $109.9 million under the FILO Term Loan Facility (as defined below), and (c) $153.4 million under the Pr",69545727,427170052,data/text/ranking/69545727/427170052.txt
22,540.0,txsb,26-90737,") Chapter 11 ) REPUBLIC NATIONAL DISTRIBUTING COMPANY, LLC",True,funded debt,2,"FILO Revolver) November 1, 2026 $158.6 2L Facility January 31, 2028 $260.4 Equipment Loans Various $7.0 Total Secured Funded Debt Outstanding $492.4 Unsecured Funded Debt Facility Maturity Principal and Interest Outstanding ($ millions) Owner Notes On Demand $47.7 Total Unsecured Funded Debt Outstanding $47.7 Total Funded Debt Outstanding $540.0 million a.",73673083,487617502,data/text/ranking/73673083/487617502.txt
23,495.0,njb,26-20189,LIV GOLF NEW JERSEY LLC,True,funded debt,1,"As of the Petition Date, the Debtors have approximately $495 million (plus unpaid interest) in total outstanding funded debt obligations, all of which arise under the term loan facility (the “Prepetition Facility”) provided by the Prepetition Lender to Holdings, as borrower, under that certain Facility Agreement, dated as of June 4, 2026 (the “Prepetition Facility Agreement,” and together with the",74760119,492898023,data/text/ranking/74760119/492898023.txt
24,466.0,njb,26-16439,DAMIS Holdings LLC,True,principal or indebtedness,1,"On the basis of information available to and reviewed by me and the Debtor Advisors, I believe that the DAMIS Debtors’ prepetition secured indebtedness under the Fee Mortgages and the Leasehold Mortgages (together, the “Mortgages,” and the Mortgages, together with all agreements, deeds of trust, financing statements, and other documents and instruments related thereto, collectively, the “Mortgage ",73444275,483924045,data/text/ranking/73444275/483924045.txt
25,392.5,deb,25-11195,"ZEN JV, LLC",True,funded debt,6,"Amount Outstanding Maturity Date CareerBuilder Term Loan Facility $135.2 million July 31, 2026 Monster Notes $19.2 million July 31, 2026 $206.9 million Sept. 16, 2029 Total Funded Debt $361.3 million General Unsecured Debt $31.2 million Total Debt $392.5 million D.",70619299,443927327,data/text/ranking/70619299/443927327.txt
26,388.0,txsb,26-90295,") Chapter 11 ) NINE ENERGY SERVICE, INC.",True,funded debt,3,"As of the Petition Date, the Debtors have approximately $388.0 million in total funded debt obligations.",72217435,467188550,data/text/ranking/72217435/467188550.txt
27,382.0,txsb,25-90305,"ALEON METALS, LLC",True,funded debt,1,"As of the 2 petition date, the debtors have about $382 million in principal 3 of funded debt outstanding.",71133061,449957473,data/text/ranking/71133061/449957473.txt
28,310.0,deb,26-10708,"Spanish Broadcasting System, Inc.",True,funded debt,1,"As of the Petition Date, the Debtors’ capital structure consists of outstanding secured funded-debt obligations in the aggregate principal amount of $310,000,000.00 under the Existing Notes (defined below), plus additional trade and ordinary course obligations.",73322689,478823688,data/text/ranking/73322689/478823688.txt
29,286.1,txnb,25-90013,"§ Chapter 11 § PRIMALEND CAPITAL PARTNERS, LP",True,funded debt,4,"As of the Petition Date, the Company’s capital structure consists of (i) funded debt liabilities totaling approximately $286.1 million, including approximately (a) $186.5 million in outstanding principal interest in senior secured indebtedness, (b) $75.0 million in senior unsecured notes, and (c) $24.6 million in junior subordinated indebtedness; and (ii) equity.",71717482,456337809,data/text/ranking/71717482/456337809.txt
30,280.0,txsb,26-90714,ALEA HOLDINGS US COMPANY,True,funded debt,6,"Funded Debt Maturity Outstanding Principal Amount as of the Petition Date Prepetition Facility • Revolving Credit Facility July 2027 $159,850,000.00 TruPS • AHUSCO Trust I December 15, 2034 $50,000,000.00 • AHUSCO Trust II March 15, 2035 $50,000,000.00 • AHUSCO Trust III March 15, 2035 $20,000,000.00 Total Funded Debt: Approximately $280,000,000.00 19.",73638662,486771629,data/text/ranking/73638662/486771629.txt
31,260.0,txnb,26-90004,"INSPIRED HEALTHCARE CAPITAL HOLDINGS, LLC",True,funded debt,13,"As of the Petition Date, such parties have approximately $260 million in aggregate funded debt outstanding incurred in connection with the acquisition of Case 26-90004-mxm11 Doc 33 Filed 02/04/26 Entered 02/04/26 11:29:36 Desc Main Document Page 28 of 48 === page 29 === 29 a Community pursuant to the terms of 15 different loan agreements (collectively, the “Third-Party Loans”) with ten (10) differ",72222161,467541206,data/text/ranking/72222161/467541206.txt
32,260.0,txnb,26-90004,"INSPIRED HEALTHCARE CAPITAL HOLDINGS, LLC",True,funded debt,13,"As of the Petition Date, such parties have approximately $260 million in aggregate funded debt outstanding incurred in connection with the acquisition of Case 26-90004-mxm11 Doc 33 Filed 02/04/26 Entered 02/04/26 11:29:36 Desc Main Document Page 28 of 48 === page 29 === 29 a Community pursuant to the terms of 15 different loan agreements (collectively, the “Third-Party Loans”) with ten (10) differ",72222785,468394699,data/text/ranking/72222785/468394699.txt
33,178.0,deb,25-10472,Brightmark Plastics Renewal LLC,True,funded debt,4,"As of the Petition Date, the Debtors have approximately $178 million in total funded debt.",69744209,433479076,data/text/ranking/69744209/433479076.txt
34,155.3,deb,25-11446,AGDP HOLDING INC.,True,funded debt,7,"A summary of the funded debt obligations is set forth below: Debt Facility Estimated Principal Amount Outstanding as of the Petition Date Security, Priority, and Dispute Prepetition Financing Agreement $121,104,482.11 Secured – first lien Undisputed Protective Advances $20,803,621.66 Secured – first lien Undisputed Prepetition LiveStyle Note $11,849,828 (inclusive of interest) Secured – subordinat",71012535,447926246,data/text/ranking/71012535/447926246.txt
35,144.2,txnb,25-80121,"Higher Ground Education, Inc.",True,funded debt,12,"Amount Outstanding6 Unsecured Funded Debt Learn Fund XXXVII Promissory Note $410,350 NRTC Promissory Note $289,833 Yu FICB Promissory Notes $1,182,387 YuATI Promissory Notes $2,200,000 YuHGEA Loan Agreement $57,424 Yu Capital Loan $327,858 LFI Unsecured Notes $12,454,566 Total Unsecured Funded Debt $16,922,418 Total Funded Debt $144,241,320 i.",70568234,443065651,data/text/ranking/70568234/443065651.txt
36,138.0,txsb,25-90268,"DESKTOP METAL, INC.",True,funded debt,4,"As of the Petition Date, the Debtors’ funded debt liabilities total approximately $138 million in principal amount outstanding.",70937321,447248424,data/text/ranking/70937321/447248424.txt
37,97.7,deb,25-10258,Nikola Corp.,True,funded debt,1,"As of the Petition Date, the Debtors have approximately $97.7 million in total funded debt and finance lease obligations (excluding accrued interest and certain costs).",69651079,430647524,data/text/ranking/69651079/430647524.txt
38,70.8,deb,26-11169,") Chapter 11 ) OMNIS PLEASANTS, LLC1 ) Case No. 26-11169 (___) )",True,funded debt,3,"As of the Petition Date, the Debtor’s funded debt and guarantee obligations totaled approximately $70.8 million, consisting of approximately $50.9 million unsecured loan obligation owed to the West Virginia Economic Development Authority (“WVEDA”), which includes accrued and unpaid interest; a purported $20 million unsecured note issued by Bilt Technology LLC (“Bilt”) to the Debtor; and as detaile",73673073,487612151,data/text/ranking/73673073/487612151.txt
39,70.0,txnb,25-80078,"Hooters of America, LLC",True,principal or indebtedness,2,"Pursuant to the Term Loan Credit Agreement, the Term Loan Lender made term loans in the aggregate principal amount of $70,000,000 to Hawk Parent (the “Term Loans”).",69826539,434971481,data/text/ranking/69826539/434971481.txt
40,67.0,deb,25-11696,"US MAGNESIUM LLC,1",True,funded debt,3,"As of the Petition Date, the Debtor has approximately $67 Million, including Letter of Credit limit of $821,588, in total funded debt obligations under the Prepetition Credit Agreement. 29.",71314102,451924930,data/text/ranking/71314102/451924930.txt
41,45.5,njb,25-15047,"FLAGSHIP RESORT DEVELOPMENT CORPORATION,1",True,funded debt,1,"The total Stalking Horse bid therefore has a cash plus assumption of funded debt value of at least $45,524,948.27 (collectively, the “Sale Transaction”).",70242583,439216445,data/text/ranking/70242583/439216445.txt
42,42.1,txsb,26-90806,"§ Chapter 11 § FRC Balance, LLC",True,funded debt,1,"As of the Petition Date, the Debtors’ material funded debt obligations total approximately $42.1 million, as summarized below: a.",74914772,496371209,data/text/ranking/74914772/496371209.txt
43,42.1,txsb,26-90806,"§ Chapter 11 § FRC Balance, LLC",True,funded debt,1,"As of the Petition Date, the Debtors’ material funded debt obligations total approximately $42.1 million, as summarized below: a.",74914777,496180462,data/text/ranking/74914777/496180462.txt
44,30.3,txsb,25-90113,"GLOBAL CLEAN ENERGY HOLDINGS, INC.",True,funded debt,3,N/A $4.4 million Total amount of Trade Claims: $14.5 million $30.3 million Total as percentage of total funded debt: 1% 3% 5 The Debtors have confirmed that no Insiders have been or will be compensated pursuant to the USDA Grant Program.,69898417,436541325,data/text/ranking/69898417/436541325.txt
45,20.6,txsb,25-90805,"TEDDER INDUSTRIES, LLC,1",True,funded debt,2,"As of the Petition Date, the Debtor had approximately $20.55 million in aggregate principal amount of funded debt obligations outstanding, consisting of the following: Prepetition Indebtedness Principal Amount Outstanding Lien Priority and Collateral Secured Term Loan $19,000,000.00 Substantially all of the Debtor’s assets.",72008069,461856657,data/text/ranking/72008069/461856657.txt
46,19.6,ganb,25-52415,) Chapter 11 ) OTB HOLDING LLC,True,funded debt,3,"The Debtors’ outstanding prepetition funded debt obligations are in the amount of approximately $19,602,000 in the aggregate: Facility Approximate Principal Outstanding Prepetition Credit Facility $11,750,000 Prepetition Bridge Financing $4,032,000 U.S.",69704984,432077597,data/text/ranking/69704984/432077597.txt
47,17.3,txsb,26-90393,"VIRIDIS CHEMICAL, LLC",True,funded debt,8,"As of the Petition Date, the Debtors’ funded debt liabilities total approximately $17.3 million, including approximately (i) $13.5 million in outstanding principal and (ii) $3.8 million in accrued and unpaid interest.",72378332,471218787,data/text/ranking/72378332/471218787.txt
48,15.8,txsb,25-90191,BITCOIN DEPOT INC.,True,funded debt,3,"As of the Petition Date, the Debtors’ funded debt liabilities total approximately $15,771,000 in principal amount outstanding.",73354028,479663125,data/text/ranking/73354028/479663125.txt
49,1.9,deb,25-12277,"FOOD52, INC.,1",True,funded debt,3,"As of the Petition Date, the Debtor’s secured funded debt obligations total approximately $1,916,000, consisting of (i) approximately $411,000 owed to Avid pursuant to that certain Loan and Security Agreement, dated April 12, 2021 (as amended from time to time, the “Avid Loan Agreement”), by and between the Debtor and Avid, and (ii) approximately $1,505,000 owed to the TCG Lender, pursuant to that",72086875,463505581,data/text/ranking/72086875/463505581.txt
,,deb,25-10475,,True,,0,,69744367,435248467,data/text/ranking/69744367/435248467.txt
,,deb,25-10674,"ROYAL INTERCO, LLC",True,,0,,69860865,440306526,data/text/ranking/69860865/440306526.txt
,,txnb,25-80185,"GENESIS HEALTHCARE, INC.",True,,0,,70746227,445251073,data/text/ranking/70746227/445251073.txt
,,txsb,25-90191,RUNITONETIME LLC,True,,0,,70789573,445688650,data/text/ranking/70789573/445688650.txt
,,txnb,25-80486,"OMNICARE, LLC",True,,0,,71417875,453132324,data/text/ranking/71417875/453132324.txt
,,txsb,25-90787,") Chapter 11 ) POSIGEN, PBC",True,,0,,71957177,459991503,data/text/ranking/71957177/459991503.txt
,,deb,25-12177,"Chapter 11 Apple Tree Life Sciences, Inc., et. al.,1 Case No. 25-12177 (LSS)",True,,0,,72012078,461946975,data/text/ranking/72012078/461946975.txt
,,deb,25-12197,iROBOT CORPORATION,True,,0,,72035284,461905680,data/text/ranking/72035284/461905680.txt
,,txnb,26-31546,GEV IO LLC,True,,0,,73166168,475721953,data/text/ranking/73166168/475721953.txt
,,txsb,26-90522,") Chapter 11 ) Miyoshi America, Inc.,1 ) Case No. 26-90522 (CML) )",True,,0,,73251555,477262536,data/text/ranking/73251555/477262536.txt
,,njb,26-16388,SIMAD HOLDINGS LTD.,True,,0,,73443160,482652366,data/text/ranking/73443160/482652366.txt
,,txsb,26-90753,"§ Chapter 11 § And Go Concepts, LLC",True,,0,,73720148,488745825,data/text/ranking/73720148/488745825.txt
,3400.0,txsb,,SAKS GLOBAL ENTERPRISES LLC,False,funded debt,7,"As of the Petition Date, the Global Debtors have approximately $3.4 billion in prepetition funded debt obligations, consisting of the following:12 a. approximately $275 million13 in aggregate principal amount outstanding under a senior secured term loan facility arising from seller financing in connection with the Acquisition (the “ TopCo Debt”); b. approximately $442.16 million in aggregate princ",72141043,465058518,data/text/ranking/72141043/465058518.txt
,2016.3,txsb,22-90032,") Chapter 11 ) GWG Holdings, Inc.",False,funded debt,11,"As of the Petition Date, the Company’s prepetition capital structure included approximately $2,016,338,711 billion in funded debt, as summarized below: Indebtedness Funded Debt Bonds $1,626,741,210 Non-Debtor DLP IV Loan Facility $271,213,144 Non-Debtor DLP VI Loan Facility $111,126,464 Total Secured Debt $2,009,080,818 Unsecured Debt Total Funded Debt $7,257,893 $2,016,338,711 Case 22-90032 Docum",63248808,198645725,data/text/ranking/63248808/198645725.txt
,1600.0,deb,,"WW INTERNATIONAL, INC.",False,funded debt,1,"As of the Petition Date, the Debtors have an aggregate principal amount of approximately $1.6 billion in funded debt principal obligations, consisting of the outstanding principal obligations, not including accrued interest, arising under the Revolving Credit Facility, the Term Loan Facility and the Senior Secured Notes.",70168961,438711474,data/text/ranking/70168961/438711474.txt
,1100.0,njb,,"STG LOGISTICS, INC.",False,funded debt,1,"Given the Debtors’ limited unencumbered assets available to secure postpetition financing and the apparent lack of an equity cushion (as based on the Debtors’ latest balance sheet attached as Exhibit C to the First Day Declaration and the reported trading prices of the FLFO Term Loan, FLSO Term Loan, and FLTO Term Loan) behind the over $1.1 billion in prepetition funded debt, this support for the ",72130479,464833743,data/text/ranking/72130479/464833743.txt
,96.0,deb,23-11962,"NEAR INTELLIGENCE, INC.",False,funded debt,1,"As of the Petition Date, the Debtors have an aggregate principal amount of approximately $96 million in funded debt principal obligations, consisting of the outstanding principal obligations arising under the Prepetition First Lien Facility, the Convertible Debentures, and the Promissory Notes (each as defined below).",68074855,380344079,data/text/ranking/68074855/380344079.txt
,26.1,njb,,"FRANCESCA’S ACQUISITION, LLC",False,funded debt,1,"As described below, the Debtors’ outstanding prepetition funded-debt obligations relate to a financing arrangement consisting of (a) a revolving credit facility ($26.1 million outstanding) with two tranches: the Committed Revolving A Loans and the Committed Revolving B Loans 100% 100% Francesca’s Acquisition, LLC Francesca’s Administrative Management, Inc.",72236458,467690614,data/text/ranking/72236458/467690614.txt
,17.4,njb,,CBRM Realty Inc.,False,principal or indebtedness,1,"Additionally, the NOLA Debtors have obtained a lending commitment from DH1, CKD and CKD Penn for a secured debtor-in-possession credit facility (the “NOLA DIP Facility” and, together with the Kelly Hamilton DIP Facility, the “DIP Facilities”) in the aggregate principal amount of up to $17,422,728, comprised of (a) one or more new term loans and (b) a roll-up of the Prepetition DH1 Loans and the Pr",70315194,440710933,data/text/ranking/70315194/440710933.txt
