rank,docket_id,debtor,court_id,case_number,funded_debt_musd,available_retention_docs,available_applications,qualifies
1,73556804,") Chapter 11 ) DISH DBS CORPORATION, DISH WIRELESS L.L.C.",txsb,26-90627,11750.0,6,0,False
2,70491405,") Chapter 11 ) SUNNOVA ENERGY INTERNATIONAL INC., ) Case No. 25-90160 (ARP)",txsb,25-90160,8900.0,2,0,False
3,69517992,) Chapter 11 ) LIGADO NETWORKS LLC,deb,25-10006,8600.0,6,0,False
4,70676726,"Chapter 11 WOLFSPEED, INC.",txsb,25-90163,6500.0,1,0,False
5,73739399,§ Chapter 11 § SIGNAL NATIONAL LLC,txnb,26-90190,2705.2,1,0,False
6,71884150,"PINE GATE RENEWABLES, LLC",txsb,25-90669,2000.0,15,4,True
7,72247921,EDDIE BAUER LLC,njb,26-11422,1750.0,4,1,False
8,69744198,"F21 OPCO, LLC",deb,25-10469,1582.0,0,0,False
9,72190554,Chapter 11 FAT BRANDS INC.,txsb,26-90126,1450.0,1,1,False
10,71160429,Chapter 11 MODIVCARE INC.,txsb,25-90309,1416.7,3,0,False
11,69700734,"DOCUDATA SOLUTIONS, L.C.",txsb,25-90023,1315.0,0,0,False
12,71830416,Chapter 11 OFFICE PROPERTIES INCOME TRUST.,txsb,25-90530,1300.0,1,0,False
13,70687309,) Chapter 11 ) Del Monte Foods Corporation II Inc.,njb,25-16984,1235.3,0,0,False
14,70335865,"Chapter 11 : BROADWAY REALTY I CO., LLC",nysb,25-11050,1100.0,8,1,False
15,71705830,"AMBIPAR EMERGENCY RESPONSE, Chapter 11 Case No. 25-90524 (ARP)",txsb,25-90524,1050.0,0,0,False
16,73410103,Case No. 26-90564 (ARP) GOLDENPEAKS POLAND HOLDING LIMITED,txsb,26-90564,1015.0,1,0,False
17,73450943,") Chapter 11 ) GOHEALTH, INC.",deb,26-10914,772.0,43,2,False
18,71919403,LUGANO DIAMONDS & JEWELRY INC.,deb,25-12055,718.2,2,1,False
19,72366159,) Chapter 11 ) CUMULUS MEDIA INC.,txsb,26-90346,697.1,1,0,False
20,71035961,) Chapter 11 ) CLAIRE’S HOLDINGS LLC,deb,25-11454,690.8,60,0,False
21,69545727,) Chapter 11 ) JOANN INC.,deb,25-10068,615.7,160,4,True
22,70746227,"GENESIS HEALTHCARE, INC.",txnb,25-80185,600.0,17,1,False
23,69719365,§ Chapter 11 § MLN US HOLDCO LLC.,txsb,25-90090,576.0,3,1,False
24,73673083,") Chapter 11 ) REPUBLIC NATIONAL DISTRIBUTING COMPANY, LLC",txsb,26-90737,540.0,2,0,False
25,74760119,LIV GOLF NEW JERSEY LLC,njb,26-20189,495.0,5,1,False
26,73444275,DAMIS Holdings LLC,njb,26-16439,466.0,5,0,False
27,70619299,"ZEN JV, LLC",deb,25-11195,392.5,88,8,True
28,72217435,") Chapter 11 ) NINE ENERGY SERVICE, INC.",txsb,26-90295,388.0,0,0,False
29,71133061,"ALEON METALS, LLC",txsb,25-90305,382.0,0,0,False
30,73322689,"Chapter 11 Spanish Broadcasting System, Inc.",deb,26-10708,310.0,1,0,False
31,74666757,"Chapter 11 BFG Supply Co., LLC",deb,26-11284,299.5,1,0,False
32,71717482,"§ Chapter 11 § PRIMALEND CAPITAL PARTNERS, LP",txnb,25-90013,286.1,1,0,False
33,73638662,ALEA HOLDINGS US COMPANY,txsb,26-90714,280.0,0,0,False
34,72267129,"AVENGER FLIGHT GROUP, LLC",deb,26-10183,273.1,4,0,False
35,72222161,"Chapter 11 Case No. 26-90004 (MXM) INSPIRED HEALTHCARE CAPITAL HOLDINGS, LLC",txnb,26-90004,260.0,3,0,False
36,72222785,"Chapter 11 Case No. 26-90004 (MXM) INSPIRED HEALTHCARE CAPITAL HOLDINGS, LLC",txnb,26-90004,260.0,1,0,False
37,72035284,iROBOT CORPORATION,deb,25-12197,190.0,0,0,False
38,69744209,Chapter 11 Brightmark Plastics Renewal LLC,deb,25-10472,178.0,1,1,False
39,71012535,AGDP HOLDING INC.,deb,25-11446,155.3,1,0,False
40,70568234,"Higher Ground Education, Inc.",txnb,25-80121,144.2,2,0,False
41,70937321,"Chapter 11 DESKTOP METAL, INC.",txsb,25-90268,138.0,0,0,False
42,69537289,"PROSPECT MEDICAL HOLDINGS, INC.",txnb,25-80002,100.0,15,0,False
43,69585213,"Chapter 11 JERVOIS TEXAS, LLC",txsb,25-90002,100.0,1,0,False
44,69651079,Nikola Corp.,deb,25-10258,97.7,3,1,False
45,72218033,"Chapter 11 CARBON HEALTH TECHNOLOGIES, INC.",txsb,26-90306,77.0,5,0,False
46,73673073,") Chapter 11 ) OMNIS PLEASANTS, LLC1 ) Case No. 26-11169 (___) )",deb,26-11169,70.8,11,1,False
47,69826539,"Chapter 11 Hooters of America, LLC",txnb,25-80078,70.0,4,0,False
48,71314102,"US MAGNESIUM LLC,1",deb,25-11696,67.0,2,1,False
49,71114153,"TITAN CNG, LLC",deb,25-11525,46.0,0,0,False
50,70242583,"Chapter: 11 FLAGSHIP RESORT DEVELOPMENT CORPORATION,1 Case No.: 25-15047 (JNP)",njb,25-15047,45.5,1,0,False
51,70716560,"MY JOB MATCHER, INC.",deb,25-11280,42.2,10,2,False
52,74914772,"§ Chapter 11 § FRC Balance, LLC",txsb,26-90806,42.1,0,0,False
53,74914777,"§ Chapter 11 § FRC Balance, LLC",txsb,26-90806,42.1,0,0,False
54,69898417,") ) Chapter 11 ) ) Case No. 25-90113 (ARP) GLOBAL CLEAN ENERGY HOLDINGS, INC.",txsb,25-90113,30.3,2,1,False
55,69742993,"AFH AIR PROS, LLC",ganb,25-10356,25.0,9,3,True
56,72008069,"Chapter 11 TEDDER INDUSTRIES, LLC,1 Case No. 25-90805 (CML)",txsb,25-90805,20.6,2,1,False
57,69704984,) Chapter 11 ) OTB HOLDING LLC,ganb,25-52415,19.6,0,0,False
58,72378332,"Case No. 26-90393 (CML) VIRIDIS CHEMICAL, LLC",txsb,26-90393,17.3,0,0,False
59,73354028,BITCOIN DEPOT INC.,txsb,25-90191,15.8,4,0,False
60,71509029,"Chapter 11 RAZZOO’S, INC.",txsb,25-90522,4.0,3,0,False
61,73449802,"Chapter 11 SiFi Networks America, LLC, Case No. 26-10912 (___)",deb,26-10912,3.1,0,0,False
62,72086875,"Chapter 11 FOOD52, INC.,1 Case No. 25-12277 (___)",deb,25-12277,1.9,0,0,False
63,71084111,"Chapter 11 IMG Holdings, Inc.",deb,25-11500,0.5,0,0,False
